identifier	count
M1	624
M2	3260
M3	2142
M4	2528
M5	622
M6	3574
M7	633
M8	338
M9	2691
M10	746
M11	2917
M12	3267
M13	2102
M14	5325
M15	3260
M16	2830
M17	2284
M18	943
M19	2691
M20	312
M21	5325
M22	3260
M23	3651
M24	2005
M25	2634
M26	2783
M27	2284
M28	1267
M29	1970
M30	1328
M31	1400
M32	3273
M33	4017
M34	5325
M35	1013
M36	5079
M37	5873
M38	771
M39	1970
M40	302
M41	2171
M42	2666
M43	4063
M44	2681
M45	755
M46	5079
M47	5873
M48	2540
M49	909
M50	1220
M51	2681
M52	1107
M53	5419
M54	3478
M55	2367
M56	3521
M57	5873
M58	843
M59	4593
M60	2134
M61	1643
M62	1
M63	5419
M64	1511
M65	2083
M66	4279
M67	655
M68	1034
M69	4593
M70	663
M71	4414
M72	2
M73	4160
M74	1643
M75	2368
M76	1
M77	2578
M78	702
M79	4593
M80	1927
M81	2168
M82	1441
M83	2141
M84	2391
M85	1801
M86	3275
M87	2578
M88	1326
M89	1
M90	2677
M91	2544
M92	1441
M93	1079
M94	3728
M95	3759
M96	2997
M97	773
M98	2835
M99	1470
M100	2677
M101	3441
M102	2038
M103	4368
M104	4736
M105	6224
M106	4901
M107	2518
M108	1010
M109	1470
M110	2534
M111	3793
M112	4516
M113	5622
M114	3441
M115	1531
M116	2900
M117	4339
M118	7604
M119	4206
M120	2534
M121	2621
M122	4092
M123	1830
M124	1965
M125	4087
M126	4254
M127	3328
M128	5041
M129	1677
M130	4209
M131	1521
M132	2229
M133	2883
M134	2826
M135	5011
M136	8938
M137	2056
M138	2193
M139	6693
M140	7604
M141	1697
M142	1579
M143	8938
M144	2963
M145	2408
M146	2927
M147	2399
M148	5010
M149	4834
M150	2274
M151	6693
M152	1562
M153	1925
M154	3641
M155	7939
M156	9790
M157	4996
M158	1791
M159	4592
M160	3109
M161	3643
M162	3269
M163	9663
M164	3641
M165	2124
M166	1246
M167	3599
M168	2881
M169	3740
M170	2554
M171	5333
M172	1623
M173	2807
M174	4866
M175	3197
M176	3428
M177	2562
M178	3322
M179	7810
M180	7939
M181	9790
M182	3888
M183	5192
M184	1605
M185	9663
M186	1577
M187	6263
M188	8534
M189	18470
M190	2681
M191	3780
M192	2135
M193	4046
M194	2445
M195	4742
M196	4050
M197	5192
M198	4674
M199	10632
M200	3464
M201	6263
M202	8534
M203	18470
M204	1376
M205	2908
M206	4087
M207	810
M208	1137
M209	10632
M210	1313
M211	3283
M212	8534
M213	18470
M214	961
M215	2562
M216	6601
M217	2386
M218	4064
M219	1194
M220	195
M221	1127
M222	2038
M223	2096
M224	1031
M225	774
M226	1212
M227	3775
M228	1514
M229	1388
M230	809
M231	3892
M232	2307
M233	4260
M234	10632
M235	1703
M236	5528
M237	4594
M238	18470
M239	2863
M240	2745
M241	3798
M242	4150
M243	2249
M244	2214
M245	10632
M246	2483
M247	910
M248	5600
M249	3593
M250	5528
M251	1570
M252	4989
M253	6332
M254	1482
M255	10632
M256	3280
M257	1280
M258	996
M259	4384
M260	3308
M261	2769
M262	3242
M263	1099
M264	2059
M265	2487
M266	3002
M267	1548
M268	4364
M269	3596
M270	2087
M271	524
M272	2507
M273	1667
M274	2955
M275	3325
M276	4054
M277	4753
M278	6332
M279	4355
M280	3619
M281	4432
M282	3501
M283	7799
M284	12521
M285	3385
M286	2291
M287	1536
M288	2585
M289	572
M290	4355
M291	9297
M292	2929
M293	6470
M294	7799
M295	12521
M296	4375
M297	2308
M298	6571
M299	1155
M300	3290
M301	9297
M302	2055
M303	6470
M304	6121
M305	12521
M306	3234
M307	1458
M308	2795
M309	6011
M310	4375
M311	570
M312	5085
M313	4712
M314	1863
M315	4886
M316	5820
M317	2178
M318	4706
M319	4371
M320	3217
M321	3880
M322	4157
M323	6349
M324	2630
M325	4246
M326	9297
M327	1678
M328	4516
M329	6556
M330	1139
M331	7336
M332	2268
M333	6121
M334	2603
M335	4149
M336	1697
M337	9297
M338	3130
M339	14057
M340	2613
M341	4822
M342	1246
M343	1849
M344	2606
M345	4149
M346	2404
M347	4220
M348	1765
M349	14057
M350	1502
M351	7078
M352	2141
M353	4896
M354	4636
M355	3717
M356	2418
M357	2057
M358	3110
M359	2384
M360	2104
M361	1074
M362	3026
M363	4413
M364	2910
M365	3234
M366	1776
M367	3032
M368	2553
M369	3179
M370	4220
M371	6708
M372	14057
M373	6990
M374	7078
M375	2868
M376	1961
M377	2714
M378	4141
M379	4152
M380	750
M381	1829
M382	1742
M383	6708
M384	14057
M385	6990
M386	4561
M387	2806
M388	4158
M389	1180
M390	2496
M391	2521
M392	5821
M393	6708
M394	3328
M395	2465
M396	8881
M397	1262
M398	2617
M399	2122
M400	4239
M401	4132
M402	2172
M403	2559
M404	4046
M405	1695
M406	3324
M407	4653
M408	3995
M409	4793
M410	1737
M411	3782
M412	2808
M413	4152
M414	2163
M415	5821
M416	12685
M417	3328
M418	4879
M419	8881
M420	3046
M421	2067
M422	3740
M423	4397
M424	3754
M425	2481
M426	1355
M427	2206
M428	12685
M429	5738
M430	1689
M431	3378
M432	4063
M433	4879
M434	2923
M435	241
M436	3121
M437	2349
M438	12685
M439	4063
M440	2523
M441	6377
M442	4994
M443	2286
M444	3349
M445	2957
M446	3289
M447	2036
M448	2417
M449	3154
M450	2820
M451	1800
M452	2912
M453	2664
M454	5138
M455	3264
M456	4025
M457	2039
M458	3411
M459	4014
M460	3121
M461	4195
M462	4962
M463	4457
M464	5798
M465	5664
M466	3445
M467	3313
M468	5311
M469	6206
M470	3857
M471	4613
M472	3748
M473	3489
M474	4962
M475	1586
M476	1985
M477	1829
M478	5311
M479	6206
M480	4455
M481	4613
M482	4885
M483	2548
M484	1929
M485	3366
M486	7763
M487	5846
M488	1882
M489	5398
M490	4526
M491	3557
M492	3265
M493	4495
M494	5354
M495	4936
M496	1237
M497	4466
M498	3521
M499	4631
M500	5947
M501	6885
M502	15200
M503	14376
M504	4885
M505	2971
M506	3419
M507	1837
M508	2420
M509	3179
M510	4178
M511	4670
M512	3596
M513	1908
M514	5947
M515	6885
M516	15200
M517	14376
M518	2244
M519	2575
M520	2589
M521	1586
M522	1742
M523	9012
M524	2982
M525	6885
M526	15200
M527	14376
M528	3005
M529	2202
M530	4705
M531	1335
M532	2866
M533	2437
M534	5007
M535	1782
M536	2447
M537	4213
M538	3962
M539	3087
M540	5498
M541	6041
M542	977
M543	2590
M544	6501
M545	3446
M546	2801
M547	2766
M548	1446
M549	15200
M550	14376
M551	3480
M552	1793
M553	4910
M554	4757
M555	5127
M556	4662
M557	2985
M558	8030
M559	4213
M560	2438
M561	2966
M562	14376
M563	7148
M564	1296
M565	3917
M566	940
M567	853
M568	8757
M569	5699
M570	5060
M571	4417
M572	4985
M573	7148
M574	8512
M575	4304
M576	8389
M577	1221
M578	8757
M579	4251
M580	3764
M581	3291
M582	4979
M583	3790
M584	3552
M585	3045
M586	2187
M587	4224
M588	4249
M589	4220
M590	3518
M591	2529
M592	2547
M593	2794
M594	7362
M595	4363
M596	2718
M597	4975
M598	3433
M599	8512
M600	2511
M601	8389
M602	2698
M603	8874
M604	1756
M605	2148
M606	4748
M607	3545
M608	1210
M609	8512
M610	8429
M611	55
M612	1249
M613	8874
M614	4022
M615	58
M616	2321
M617	4519
M618	22
M619	3864
M620	8429
M621	1944
M622	3649
M623	2342
M624	3371
M625	3857
M626	3221
M627	3262
M628	2223
M629	3135
M630	2389
M631	2684
M632	1479
M633	2818
M634	1547
M635	3762
M636	2201
M637	482
M638	1355
M639	1723
M640	1352
M641	1720
M642	1486
M643	2660
M644	2926
M645	962
M646	8429
M647	627
M648	5398
M649	2525
M650	9927
M651	2215
M652	4144
M653	4791
M654	7858
M655	1450
M656	962
M657	2427
M658	3510
M659	3000
M660	2384
M661	4813
M662	2868
M663	7487
M664	7858
M665	8469
M666	2968
M667	3752
M668	4178
M669	4467
M670	2863
M671	3627
M672	3570
M673	2623
M674	4450
M675	3427
M676	2606
M677	2294
M678	2390
M679	2799
M680	5488
M681	4685
M682	3671
M683	1564
M684	1727
M685	5806
M686	2473
M687	3321
M688	7487
M689	1833
M690	8469
M691	770
M692	2129
M693	6066
M694	3045
M695	57
M696	3634
M697	1505
M698	3308
M699	3874
M700	6176
M701	8469
M702	10828
M703	3250
M704	3243
M705	21
M706	57
M707	3938
M708	3060
M709	53
M710	2899
M711	4213
M712	10828
M713	16
M714	9139
M715	5327
M716	8214
M717	2762
M718	4150
M719	2601
M720	3136
M721	3201
M722	4570
M723	2968
M724	3690
M725	3213
M726	2897
M727	3820
M728	5719
M729	4981
M730	5055
M731	5447
M732	2296
M733	2695
M734	2722
M735	10828
M736	11218
M737	9139
M738	6955
M739	8214
M740	1503
M741	5612
M742	1444
M743	3995
M744	2087
M745	1981
M746	3051
M747	2894
M748	11218
M749	9354
M750	2891
M751	2359
M752	3942
M753	6955
M754	3710
M755	2959
M756	7742
M757	2859
M758	11218
M759	2561
M760	4470
M761	2709
M762	3430
M763	3074
M764	4949
M765	2082
M766	2604
M767	4096
M768	2483
M769	2103
M770	1046
M771	1199
M772	3032
M773	2275
M774	2936
M775	2303
M776	1455
M777	3046
M778	5172
M779	1955
M780	7742
M781	1280
M782	7170
M783	3320
M784	6476
M785	7647
M786	1055
M787	1672
M788	2373
M789	1215
M790	1203
M791	3318
M792	2587
M793	3135
M794	6682
M795	7170
M796	6344
M797	2762
M798	7647
M799	2244
M800	1421
M801	3476
M802	1654
M803	2627
M804	6682
M805	3140
M806	1416
M807	2402
M808	3208
M809	5408
M810	2335
M811	4016
M812	4314
M813	1964
M814	1985
M815	4624
M816	3406
M817	1937
M818	1978
M819	3275
M820	2961
M821	3606
M822	6344
M823	2745
M824	5158
M825	4912
M826	2127
M827	6682
M828	2588
M829	2509
M830	4862
M831	818
M832	3640
M833	4066
M834	849
M835	3130
M836	2528
M837	4912
M838	10845
M839	1162
M840	1413
M841	2487
M842	6851
M843	8769
M844	1550
M845	3299
M846	4254
M847	5822
M848	10845
M849	12032
M850	4049
M851	6875
M852	6851
M853	8769
M854	3225
M855	1497
M856	3210
M857	3268
M858	4488
M859	2894
M860	6043
M861	1192
M862	3018
M863	4263
M864	2599
M865	2083
M866	2861
M867	1639
M868	2455
M869	1778
M870	5122
M871	4105
M872	1002
M873	1015
M874	12032
M875	1959
M876	2610
M877	2781
M878	8769
M879	4472
M880	3511
M881	2142
M882	4672
M883	2268
M884	2589
M885	12032
M886	2958
M887	1028
M888	1601
M889	1783
M890	2745
M891	6545
M892	4180
M893	8017
M894	1664
M895	12032
M896	4419
M897	47
M898	2811
M899	2195
M900	1055
M901	3443
M902	1888
M903	1577
M904	3910
M905	6743
M906	1054
M907	1992
M908	1084
M909	2091
M910	2512
M911	1353
M912	671
M913	2669
M914	844
M915	2781
M916	1374
M917	6545
M918	3850
M919	8017
M920	7151
M921	5247
M922	3749
M923	2118
M924	3719
M925	1807
M926	1830
M927	740
M928	6545
M929	11
M930	5234
M931	7151
M932	1857
M933	3438
M934	2241
M935	2524
M936	1350
M937	5852
M938	2771
M939	4469
M940	5234
M941	10768
M942	2736
M943	3162
M944	5852
M945	3734
M946	7283
M947	1783
M948	796
M949	1706
M950	1884
M951	1916
M952	2247
M953	3762
M954	3067
M955	1847
M956	3485
M957	2874
M958	2103
M959	1819
M960	1014
M961	1755
M962	3066
M963	1416
M964	3912
M965	3434
M966	10768
M967	63
M968	2022
M969	5852
M970	1948
M971	4060
M972	2567
M973	5378
M974	3170
M975	3045
M976	4715
M977	63
M978	5652
M979	2990
M980	3335
M981	1915
M982	7848
M983	3117
M984	3224
M985	1764
M986	10761
M987	726
M988	5652
M989	7848
M990	2463
M991	5182
M992	2494
M993	2850
M994	3353
M995	1823
M996	1632
M997	1514
M998	732
M999	2888
M1000	1912
M1001	3520
M1002	2253
M1003	2210
M1004	2874
M1005	2950
M1006	4096
M1007	2347
M1008	707
M1009	1408
M1010	2060
M1011	5797
M1012	10761
M1013	11040
M1014	5572
M1015	2246
M1016	5181
M1017	973
M1018	3441
M1019	1658
M1020	10262
M1021	2715
M1022	5226
M1023	1479
M1024	11040
M1025	7151
M1026	3301
M1027	3727
M1028	2236
M1029	6420
M1030	10262
M1031	2751
M1032	5226
M1033	4462
M1034	4855
M1035	1644
M1036	2078
M1037	1056
M1038	1648
M1039	3237
M1040	3624
M1041	2296
M1042	1318
M1043	808
M1044	8152
M1045	1468
M1046	1820
M1047	1006
M1048	1513
M1049	1959
M1050	1588
M1051	6420
M1052	10262
M1053	6130
M1054	9182
M1055	4462
M1056	4147
M1057	3493
M1058	1195
M1059	2227
M1060	1291
M1061	981
M1062	1333
M1063	2524
M1064	4017
M1065	4298
M1066	10103
M1067	9182
M1068	13547
M1069	3115
M1070	3018
M1071	4478
M1072	1653
M1073	2965
M1074	4025
M1075	4298
M1076	10103
M1077	1013
M1078	13547
M1079	1824
M1080	7405
M1081	4318
M1082	6801
M1083	979
M1084	1941
M1085	845
M1086	2783
M1087	1789
M1088	3569
M1089	2815
M1090	4574
M1091	2380
M1092	1500
M1093	3370
M1094	994
M1095	2659
M1096	2812
M1097	1597
M1098	1921
M1099	5820
M1100	5188
M1101	10103
M1102	4277
M1103	13547
M1104	2675
M1105	5461
M1106	3755
M1107	4049
M1108	1335
M1109	2356
M1110	5820
M1111	4423
M1112	8685
M1113	7018
M1114	13547
M1115	2719
M1116	3699
M1117	5702
M1118	16
M1119	1200
M1120	6989
M1121	4032
M1122	8685
M1123	7018
M1124	4067
M1125	2951
M1126	3353
M1127	1125
M1128	3194
M1129	2716
M1130	2592
M1131	2345
M1132	1628
M1133	4135
M1134	1781
M1135	2209
M1136	4355
M1137	1680
M1138	2223
M1139	1535
M1140	2213
M1141	1468
M1142	1083
M1143	1006
M1144	1202
M1145	6989
M1146	3251
M1147	3070
M1148	7018
M1149	6884
M1150	2783
M1151	3596
M1152	4139
M1153	2970
M1154	4163
M1155	2784
M1156	3038
M1157	1638
M1158	2494
M1159	6884
M1160	3504
M1161	8618
M1162	4584
M1163	2060
M1164	1670
M1165	5252
M1166	3852
M1167	5883
M1168	8857
M1169	3370
M1170	2492
M1171	8618
M1172	1300
M1173	1328
M1174	1339
M1175	1363
M1176	1168
M1177	1134
M1178	2238
M1179	1524
M1180	2465
M1181	3805
M1182	3616
M1183	1251
M1184	2416
M1185	761
M1186	1637
M1187	4413
M1188	1416
M1189	5883
M1190	8857
M1191	3621
M1192	3850
M1193	2355
M1194	6544
M1195	2371
M1196	5718
M1197	3447
M1198	1293
M1199	2057
M1200	2322
M1201	3548
M1202	2402
M1203	2690
M1204	8857
M1205	683
M1206	4132
M1207	3069
M1208	6544
M1209	11187
M1210	5718
M1211	2847
M1212	2880
M1213	1595
M1214	5075
M1215	2538
M1216	4132
M1217	3561
M1218	1357
M1219	11187
M1220	2395
M1221	914
M1222	1904
M1223	764
M1224	3603
M1225	2208
M1226	1434
M1227	1130
M1228	1894
M1229	1488
M1230	503
M1231	1603
M1232	3812
M1233	2827
M1234	1162
M1235	24
M1236	1853
M1237	2335
M1238	3280
M1239	1582
M1240	4132
M1241	4767
M1242	6484
M1243	11187
M1244	3057
M1245	1143
M1246	1737
M1247	735
M1248	650
M1249	1346
M1250	2731
M1251	968
M1252	3608
M1253	4767
M1254	6484
M1255	11187
M1256	3978
M1257	4005
M1258	2415
M1259	646
M1260	3353
M1261	1868
M1262	3608
M1263	5672
M1264	19935
M1265	20779
M1266	25613
M1267	3038
M1268	4150
M1269	3171
M1270	4043
M1271	1864
M1272	5840
M1273	5839
M1274	5105
M1275	51
M1276	2577
M1277	7176
M1278	2689
M1279	3241
M1280	4635
M1281	4523
M1282	3437
M1283	4116
M1284	2120
M1285	589
M1286	1558
M1287	12565
M1288	5672
M1289	19935
M1290	20779
M1291	25613
M1292	4217
M1293	2809
M1294	3200
M1295	4230
M1296	2978
M1297	3281
M1298	12565
M1299	1044
M1300	19935
M1301	20779
M1302	25613
M1303	1455
M1304	3031
M1305	5270
M1306	1977
M1307	2549
M1308	12565
M1309	2978
M1310	10306
M1311	20779
M1312	25613
M1313	3072
M1314	4719
M1315	3081
M1316	5556
M1317	4102
M1318	1808
M1319	2203
M1320	4519
M1321	3399
M1322	1686
M1323	3179
M1324	3380
M1325	3641
M1326	3050
M1327	5329
M1328	3767
M1329	1710
M1330	5747
M1331	1854
M1332	2546
M1333	12565
M1334	1539
M1335	10306
M1336	8597
M1337	25613
M1338	7064
M1339	4919
M1340	3744
M1341	3871
M1342	3142
M1343	1872
M1344	12565
M1345	2845
M1346	4228
M1347	2264
M1348	1590
M1349	10306
M1350	8597
M1351	6534
M1352	1136
M1353	5054
M1354	12565
M1355	1977
M1356	1904
M1357	10606
M1358	10214
M1359	1907
M1360	2032
M1361	2558
M1362	3735
M1363	3907
M1364	3875
M1365	3553
M1366	2898
M1367	1844
M1368	3384
M1369	2993
M1370	2411
M1371	2094
M1372	2217
M1373	1364
M1374	854
M1375	927
M1376	917
M1377	2676
M1378	5054
M1379	8068
M1380	2448
M1381	1565
M1382	10606
M1383	10214
M1384	1727
M1385	2524
M1386	2622
M1387	1780
M1388	3083
M1389	2303
M1390	8068
M1391	1615
M1392	4390
M1393	2551
M1394	10214
M1395	79
M1396	1542
M1397	2859
M1398	1538
M1399	3234
M1400	8068
M1401	2900
M1402	2082
M1403	3003
M1404	4757
M1405	1409
M1406	4809
M1407	3742
M1408	5045
M1409	2298
M1410	10
M1411	2269
M1412	1419
M1413	2800
M1414	2846
M1415	2646
M1416	1758
M1417	1652
M1418	2385
M1419	4015
M1420	4390
M1421	3438
M1422	8033
M1423	10
M1424	6672
M1425	8068
M1426	3258
M1427	4783
M1428	2989
M1429	1551
M1430	3653
M1431	1510
M1432	5523
M1433	8033
M1434	1862
M1435	6672
M1436	3826
M1437	2644
M1438	8535
M1439	5285
M1440	2954
M1441	3101
M1442	2496
M1443	1945
M1444	1430
M1445	6672
M1446	4247
M1447	2219
M1448	8535
M1449	5285
M1450	3448
M1451	4191
M1452	4033
M1453	3897
M1454	1206
M1455	2241
M1456	2244
M1457	3489
M1458	1414
M1459	7342
M1460	3526
M1461	1535
M1462	4746
M1463	4722
M1464	2754
M1465	2491
M1466	1577
M1467	4962
M1468	2258
M1469	1374
M1470	4247
M1471	3794
M1472	2587
M1473	2743
M1474	11614
M1475	3046
M1476	1684
M1477	2562
M1478	1970
M1479	2403
M1480	2096
M1481	3126
M1482	2664
M1483	8791
M1484	3794
M1485	9074
M1486	2743
M1487	11614
M1488	5544
M1489	1188
M1490	1972
M1491	3788
M1492	1667
M1493	8791
M1494	2754
M1495	9074
M1496	6667
M1497	11614
M1498	956
M1499	1285
M1500	3045
M1501	1382
M1502	1305
M1503	4144
M1504	4707
M1505	801
M1506	2878
M1507	1521
M1508	1952
M1509	5105
M1510	2480
M1511	1643
M1512	1678
M1513	1336
M1514	1661
M1515	3659
M1516	2824
M1517	1771
M1518	8791
M1519	2113
M1520	1376
M1521	3290
M1522	1841
M1523	3827
M1524	3307
M1525	6667
M1526	2934
M1527	1996
M1528	3616
M1529	8791
M1530	2454
M1531	6860
M1532	6667
M1533	4640
M1534	4548
M1535	2135
M1536	2142
M1537	1246
M1538	3616
M1539	2481
M1540	1873
M1541	1817
M1542	3476
M1543	1834
M1544	3183
M1545	2980
M1546	1792
M1547	3736
M1548	4804
M1549	105
M1550	1607
M1551	1318
M1552	3239
M1553	4394
M1554	7
M1555	3095
M1556	5719
M1557	4176
M1558	3511
M1559	6860
M1560	14
M1561	4881
M1562	2733
M1563	5408
M1564	2481
M1565	1971
M1566	3137
M1567	4548
M1568	2869
M1569	3193
M1570	4243
M1571	1560
M1572	2749
M1573	5970
M1574	5408
M1575	3419
M1576	2714
M1577	5169
M1578	4305
M1579	3213
M1580	2493
M1581	3507
M1582	2264
M1583	5970
M1584	4307
M1585	5654
M1586	1688
M1587	5169
M1588	12952
M1589	3213
M1590	3144
M1591	1823
M1592	2690
M1593	1925
M1594	1702
M1595	1951
M1596	4341
M1597	3775
M1598	1865
M1599	2763
M1600	2140
M1601	2941
M1602	2402
M1603	3305
M1604	2074
M1605	2258
M1606	4224
M1607	1813
M1608	699
M1609	4186
M1610	5654
M1611	1686
M1612	4695
M1613	2994
M1614	628
M1615	2819
M1616	3521
M1617	12952
M1618	778
M1619	2672
M1620	3387
M1621	5654
M1622	2236
M1623	11134
M1624	12952
M1625	2491
M1626	3476
M1627	3269
M1628	1871
M1629	4152
M1630	3387
M1631	3771
M1632	1672
M1633	1726
M1634	5831
M1635	1186
M1636	2519
M1637	3898
M1638	4429
M1639	2741
M1640	1804
M1641	1596
M1642	2651
M1643	3773
M1644	1727
M1645	2954
M1646	3560
M1647	2962
M1648	3660
M1649	1703
M1650	3664
M1651	11134
M1652	12952
M1653	3467
M1654	1152
M1655	5568
M1656	3771
M1657	1973
M1658	5353
M1659	2114
M1660	6253
M1661	5392
M1662	2984
M1663	2508
M1664	3012
M1665	1836
M1666	5568
M1667	6568
M1668	1763
M1669	901
M1670	1715
M1671	6253
M1672	3648
M1673	1492
M1674	2611
M1675	2588
M1676	1752
M1677	6568
M1678	3400
M1679	2962
M1680	2769
M1681	3676
M1682	2170
M1683	3172
M1684	4042
M1685	2863
M1686	1680
M1687	3541
M1688	1448
M1689	3038
M1690	4340
M1691	2117
M1692	2275
M1693	2965
M1694	2428
M1695	5126
M1696	3257
M1697	2739
M1698	4384
M1699	2512
M1700	2173
M1701	6568
M1702	4418
M1703	3008
M1704	4402
M1705	3167
M1706	3837
M1707	4746
M1708	3045
M1709	1937
M1710	2411
M1711	4501
M1712	1709
M1713	3382
M1714	4418
M1715	9468
M1716	1123
M1717	4856
M1718	2278
M1719	1198
M1720	6301
M1721	4501
M1722	8572
M1723	1324
M1724	1743
M1725	2214
M1726	2421
M1727	3200
M1728	2053
M1729	1680
M1730	4028
M1731	2130
M1732	5061
M1733	2210
M1734	2550
M1735	2553
M1736	5331
M1737	1293
M1738	3024
M1739	1780
M1740	2898
M1741	3834
M1742	4337
M1743	2427
M1744	2710
M1745	6301
M1746	5792
M1747	8572
M1748	5601
M1749	2008
M1750	3254
M1751	3731
M1752	5701
M1753	5235
M1754	3967
M1755	2488
M1756	3385
M1757	1596
M1758	8572
M1759	5798
M1760	2306
M1761	5205
M1762	2150
M1763	5701
M1764	4166
M1765	1842
M1766	2029
M1767	2290
M1768	2459
M1769	5798
M1770	1514
M1771	5205
M1772	2686
M1773	2255
M1774	1388
M1775	3212
M1776	4143
M1777	2158
M1778	3042
M1779	3246
M1780	3582
M1781	1785
M1782	3688
M1783	2351
M1784	3606
M1785	2244
M1786	1555
M1787	3683
M1788	3234
M1789	2097
M1790	2278
M1791	1854
M1792	5798
M1793	6485
M1794	3054
M1795	1417
M1796	6490
M1797	2867
M1798	2752
M1799	2130
M1800	4647
M1801	5593
M1802	4927
M1803	1706
M1804	4338
M1805	6485
M1806	4674
M1807	4647
M1808	4631
M1809	2593
M1810	2583
M1811	2401
M1812	4927
M1813	1303
M1814	4221
M1815	3678
M1816	2506
M1817	2987
M1818	4282
M1819	2191
M1820	3126
M1821	2458
M1822	1607
M1823	2446
M1824	1091
M1825	3502
M1826	3190
M1827	2632
M1828	2110
M1829	3709
M1830	4930
M1831	4674
M1832	4800
M1833	1322
M1834	4181
M1835	1264
M1836	4221
M1837	2329
M1838	7456
M1839	6533
M1840	3459
M1841	1494
M1842	4253
M1843	4583
M1844	4735
M1845	3355
M1846	4181
M1847	1864
M1848	1485
M1849	5615
M1850	7456
M1851	6533
M1852	5631
M1853	3154
M1854	1376
M1855	3277
M1856	1320
M1857	5499
M1858	5278
M1859	5615
M1860	3797
M1861	2246
M1862	11013
M1863	5264
M1864	8
M1865	2775
M1866	50
M1867	4029
M1868	4328
M1869	3822
M1870	3124
M1871	2544
M1872	3676
M1873	3164
M1874	5154
M1875	1868
M1876	3217
M1877	3488
M1878	2323
M1879	3277
M1880	2337
M1881	5278
M1882	7058
M1883	6186
M1884	1709
M1885	11013
M1886	4681
M1887	2732
M1888	2080
M1889	4752
M1890	2800
M1891	1805
M1892	2098
M1893	2371
M1894	7058
M1895	5609
M1896	2705
M1897	1248
M1898	6186
M1899	3291
M1900	2129
M1901	2488
M1902	7431
M1903	2218
M1904	7058
M1905	6186
M1906	3069
M1907	4888
M1908	4916
M1909	897
M1910	2212
M1911	2444
M1912	2704
M1913	1736
M1914	1204
M1915	3940
M1916	1806
M1917	3310
M1918	1381
M1919	2523
M1920	1500
M1921	3120
M1922	2212
M1923	635
M1924	1918
M1925	2831
M1926	3547
M1927	7431
M1928	8126
M1929	4455
M1930	2185
M1931	3121
M1932	1981
M1933	2820
M1934	5768
M1935	4529
M1936	2619
M1937	2125
M1938	8126
M1939	5770
M1940	1924
M1941	1153
M1942	1799
M1943	6280
M1944	1916
M1945	3501
M1946	3732
M1947	5624
M1948	2266
M1949	5770
M1950	2948
M1951	1704
M1952	845
M1953	683
M1954	2373
M1955	1528
M1956	1315
M1957	3918
M1958	1152
M1959	1298
M1960	941
M1961	1501
M1962	716
M1963	1666
M1964	3545
M1965	4240
M1966	1688
M1967	5841
M1968	5624
M1969	1680
M1970	1708
M1971	2292
M1972	9345
M1973	1516
M1974	980
M1975	1521
M1976	2359
M1977	12
M1978	2301
M1979	2927
M1980	1479
M1981	4298
M1982	5841
M1983	2011
M1984	6942
M1985	5645
M1986	4542
M1987	9345
M1988	3618
M1989	3139
M1990	3826
M1991	2847
M1992	3461
M1993	1698
M1994	6942
M1995	3062
M1996	7271
M1997	9345
M1998	2913
M1999	2262
M2000	2541
M2001	2974
M2002	2744
M2003	1476
M2004	1707
M2005	3104
M2006	3784
M2007	1362
M2008	2198
M2009	1424
M2010	1184
M2011	1824
M2012	2047
M2013	990
M2014	1489
M2015	1006
M2016	1872
M2017	2571
M2018	2349
M2019	6756
M2020	3062
M2021	7271
M2022	1570
M2023	3958
M2024	3160
M2025	4878
M2026	1734
M2027	1858
M2028	4586
M2029	6756
M2030	5198
M2031	3269
M2032	2488
M2033	2622
M2034	7271
M2035	3045
M2036	1402
M2037	1647
M2038	6382
M2039	1771
M2040	5198
M2041	2589
M2042	10144
M2043	2766
M2044	1600
M2045	953
M2046	3980
M2047	1970
M2048	1018
M2049	5467
M2050	3199
M2051	1681
M2052	2162
M2053	835
M2054	2414
M2055	3150
M2056	2510
M2057	2840
M2058	1636
M2059	1918
M2060	1974
M2061	4261
M2062	2535
M2063	6382
M2064	7262
M2065	2280
M2066	2988
M2067	10144
M2068	1625
M2069	3323
M2070	3711
M2071	3846
M2072	2708
M2073	2112
M2074	7262
M2075	3309
M2076	1664
M2077	10144
M2078	2955
M2079	1991
M2080	3853
M2081	2514
M2082	1637
M2083	2698
M2084	7277
M2085	3309
M2086	5020
M2087	1796
M2088	3942
M2089	1377
M2090	2447
M2091	2588
M2092	2617
M2093	2216
M2094	4485
M2095	2462
M2096	3455
M2097	2056
M2098	1850
M2099	3273
M2100	1304
M2101	1685
M2102	3288
M2103	1211
M2104	1110
M2105	3449
M2106	3581
M2107	4592
M2108	7277
M2109	6035
M2110	992
M2111	3105
M2112	4303
M2113	3911
M2114	1249
M2115	5020
M2116	3141
M2117	3204
M2118	7529
M2119	4366
M2120	3215
M2121	6035
M2122	2738
M2123	2906
M2124	3987
M2125	2380
M2126	2165
M2127	3228
M2128	7529
M2129	6742
M2130	2145
M2131	3261
M2132	2380
M2133	1892
M2134	2811
M2135	2102
M2136	864
M2137	3022
M2138	2191
M2139	1547
M2140	2077
M2141	3750
M2142	2049
M2143	1630
M2144	1258
M2145	4051
M2146	1776
M2147	4472
M2148	3594
M2149	659
M2150	1882
M2151	2471
M2152	5191
M2153	6742
M2154	6842
M2155	6846
M2156	4142
M2157	3642
M2158	2546
M2159	930
M2160	3787
M2161	3535
M2162	2030
M2163	2035
M2164	2955
M2165	3099
M2166	6614
M2167	6846
M2168	2905
M2169	1948
M2170	3056
M2171	10878
M2172	3446
M2173	6402
M2174	1511
M2175	8054
M2176	6614
M2177	2425
M2178	2668
M2179	2144
M2180	4459
M2181	3723
M2182	1758
M2183	4288
M2184	5012
M2185	5024
M2186	2009
M2187	2587
M2188	2407
M2189	1420
M2190	4552
M2191	5064
M2192	2161
M2193	1770
M2194	4517
M2195	3114
M2196	10878
M2197	4313
M2198	6402
M2199	4407
M2200	8054
M2201	1322
M2202	3690
M2203	10878
M2204	4313
M2205	2792
M2206	6906
M2207	4984
M2208	1787
M2209	2343
M2210	8054
M2211	791
M2212	5524
M2213	4929
M2214	2412
M2215	2954
M2216	2281
M2217	2740
M2218	5400
M2219	3273
M2220	7604
M2221	3055
M2222	5524
M2223	3178
M2224	4152
M2225	1751
M2226	3606
M2227	3476
M2228	2219
M2229	2489
M2230	3644
M2231	1135
M2232	4138
M2233	2497
M2234	4072
M2235	3746
M2236	5
M2237	3578
M2238	2165
M2239	2416
M2240	1986
M2241	10969
M2242	3630
M2243	5400
M2244	1790
M2245	7604
M2246	3268
M2247	4059
M2248	2806
M2249	4291
M2250	3261
M2251	4489
M2252	10969
M2253	2159
M2254	3293
M2255	8538
M2256	7604
M2257	1832
M2258	3298
M2259	1639
M2260	4694
M2261	2979
M2262	10969
M2263	7633
M2264	3293
M2265	8538
M2266	3422
M2267	2698
M2268	2180
M2269	3956
M2270	4386
M2271	3024
M2272	2856
M2273	5111
M2274	2543
M2275	2084
M2276	1346
M2277	6490
M2278	1779
M2279	2044
M2280	3894
M2281	5410
M2282	898
M2283	3756
M2284	2524
M2285	4633
M2286	2225
M2287	5442
M2288	4463
M2289	7633
M2290	5368
M2291	8538
M2292	6386
M2293	2823
M2294	4421
M2295	2215
M2296	5822
M2297	2593
M2298	2042
M2299	5115
M2300	7633
M2301	761
M2302	8877
M2303	6386
M2304	2088
M2305	1842
M2306	4469
M2307	2192
M2308	1629
M2309	10085
M2310	5748
M2311	3019
M2312	8877
M2313	5352
M2314	2526
M2315	1320
M2316	10085
M2317	5748
M2318	4186
M2319	4633
M2320	2229
M2321	3573
M2322	2199
M2323	1558
M2324	2272
M2325	5492
M2326	1865
M2327	2796
M2328	1578
M2329	4116
M2330	6054
M2331	4053
M2332	2793
M2333	1682
M2334	2927
M2335	1987
M2336	2386
M2337	5352
M2338	3926
M2339	4486
M2340	2364
M2341	1835
M2342	2101
M2343	4153
M2344	4163
M2345	5641
M2346	3647
M2347	6278
M2348	2938
M2349	3729
M2350	2702
M2351	4486
M2352	2300
M2353	1052
M2354	2792
M2355	5641
M2356	10154
M2357	6278
M2358	1616
M2359	3729
M2360	4506
M2361	2484
M2362	2217
M2363	10154
M2364	2332
M2365	1281
M2366	2427
M2367	3844
M2368	3134
M2369	2625
M2370	5068
M2371	4326
M2372	1470
M2373	3487
M2374	2954
M2375	815
M2376	2509
M2377	1919
M2378	1465
M2379	2117
M2380	1804
M2381	2857
M2382	3891
M2383	4547
M2384	3729
M2385	4725
M2386	2294
M2387	5147
M2388	4849
M2389	2941
M2390	4827
M2391	10724
M2392	10154
M2393	2818
M2394	2964
M2395	3341
M2396	4725
M2397	1916
M2398	10724
M2399	6116
M2400	3236
M2401	2753
M2402	2168
M2403	2387
M2404	2466
M2405	3341
M2406	3651
M2407	5244
M2408	2958
M2409	2104
M2410	3510
M2411	1872
M2412	2324
M2413	2169
M2414	2853
M2415	2156
M2416	2393
M2417	6360
M2418	5156
M2419	2855
M2420	6423
M2421	2868
M2422	8645
M2423	9066
M2424	10724
M2425	1821
M2426	1181
M2427	6201
M2428	4009
M2429	3651
M2430	4648
M2431	6205
M2432	10860
M2433	6247
M2434	10131
M2435	7544
M2436	3566
M2437	3941
M2438	5353
M2439	6201
M2440	3585
M2441	2485
M2442	2300
M2443	6494
M2444	8292
M2445	17147
M2446	3090
M2447	5826
M2448	4621
M2449	2145
M2450	3585
M2451	15697
M2452	2391
M2453	6494
M2454	8292
M2455	17147
M2456	3808
M2457	87
M2458	4898
M2459	1521
M2460	9210
M2461	5686
M2462	3711
M2463	5081
M2464	2645
M2465	3703
M2466	2573
M2467	3042
M2468	1376
M2469	6661
M2470	3108
M2471	6220
M2472	4272
M2473	6654
M2474	1271
M2475	1686
M2476	15697
M2477	3105
M2478	6494
M2479	8292
M2480	17147
M2481	4669
M2482	3218
M2483	5161
M2484	4446
M2485	2388
M2486	2921
M2487	15697
M2488	2372
M2489	15949
M2490	8292
M2491	17147
M2492	3211
M2493	1645
M2494	1787
M2495	2377
M2496	1446
M2497	15697
M2498	1471
M2499	15949
M2500	10008
M2501	17147
M2502	2384
M2503	109
M2504	5153
M2505	6131
M2506	7081
M2507	5590
M2508	2229
M2509	3292
M2510	4204
M2511	5508
M2512	10444
M2513	2102
M2514	1883
M2515	2858
M2516	1960
M2517	4349
M2518	3480
M2519	3536
M2520	1119
M2521	2411
M2522	15697
M2523	3418
M2524	15949
M2525	10008
M2526	3471
M2527	3974
M2528	6939
M2529	7860
M2530	2570
M2531	4686
M2532	15697
M2533	6301
M2534	15949
M2535	2873
M2536	8654
M2537	3671
M2538	4115
M2539	4030
M2540	2794
M2541	2102
M2542	7605
M2543	6301
M2544	4496
M2545	3499
M2546	8654
M2547	4309
M2548	7923
M2549	3448
M2550	15
M2551	2055
M2552	1203
M2553	10258
M2554	4260
M2555	8085
M2556	2353
M2557	7530
M2558	7876
M2559	9118
M2560	5075
M2561	2354
M2562	5598
M2563	6363
M2564	3604
M2565	1632
M2566	3496
M2567	7605
M2568	2461
M2569	8257
M2570	3072
M2571	4307
M2572	5317
M2573	4278
M2574	6724
M2575	1222
M2576	3068
M2577	7605
M2578	4678
M2579	3701
M2580	3420
M2581	3768
M2582	8257
M2583	3582
M2584	3203
M2585	7604
M2586	1538
M2587	2851
M2588	4678
M2589	2099
M2590	4751
M2591	4263
M2592	3176
M2593	1773
M2594	3000
M2595	3129
M2596	6057
M2597	2785
M2598	3672
M2599	7136
M2600	3001
M2601	2991
M2602	3622
M2603	1343
M2604	7468
M2605	3507
M2606	5097
M2607	2494
M2608	6088
M2609	4596
M2610	7604
M2611	3287
M2612	2776
M2613	2394
M2614	3310
M2615	6088
M2616	2801
M2617	3757
M2618	5208
M2619	2523
M2620	2814
M2621	3287
M2622	2225
M2623	6790
M2624	8416
M2625	5052
M2626	1526
M2627	2922
M2628	5567
M2629	3002
M2630	2259
M2631	5750
M2632	635
M2633	6790
M2634	1837
M2635	5567
M2636	4517
M2637	8286
M2638	2755
M2639	5515
M2640	3603
M2641	2908
M2642	2593
M2643	5963
M2644	6365
M2645	2239
M2646	3355
M2647	5886
M2648	3811
M2649	3168
M2650	2790
M2651	8167
M2652	3239
M2653	1705
M2654	2713
M2655	3447
M2656	5750
M2657	3441
M2658	3206
M2659	6231
M2660	5484
M2661	5700
M2662	4720
M2663	4518
M2664	5567
M2665	1716
M2666	1609
M2667	4356
M2668	3441
M2669	1711
M2670	4518
M2671	4512
M2672	2593
M2673	2524
M2674	1575
M2675	3672
M2676	1751
M2677	4356
M2678	5701
M2679	2445
M2680	584
M2681	675
M2682	1519
M2683	3215
M2684	4082
M2685	1232
M2686	3827
M2687	1412
M2688	1501
M2689	3377
M2690	1995
M2691	1873
M2692	1598
M2693	2159
M2694	956
M2695	4408
M2696	4518
M2697	1704
M2698	4371
M2699	7841
M2700	2088
M2701	5701
M2702	2407
M2703	2611
M2704	2607
M2705	7232
M2706	2808
M2707	4832
M2708	4518
M2709	3471
M2710	5207
M2711	7841
M2712	4513
M2713	1583
M2714	4192
M2715	3282
M2716	6982
M2717	4298
M2718	2363
M2719	3112
M2720	6223
M2721	2932
M2722	4513
M2723	4660
M2724	4790
M2725	3291
M2726	5110
M2727	2198
M2728	2307
M2729	1791
M2730	793
M2731	2413
M2732	1995
M2733	1808
M2734	3159
M2735	2536
M2736	1975
M2737	2548
M2738	2826
M2739	1112
M2740	6982
M2741	6
M2742	5811
M2743	1729
M2744	4660
M2745	1468
M2746	3850
M2747	2303
M2748	4790
M2749	2989
M2750	1652
M2751	1402
M2752	1578
M2753	3358
M2754	5370
M2755	2279
M2756	9225
M2757	5811
M2758	3428
M2759	5764
M2760	3606
M2761	2970
M2762	7565
M2763	4028
M2764	2055
M2765	4013
M2766	2544
M2767	2562
M2768	3013
M2769	5764
M2770	5835
M2771	1670
M2772	3168
M2773	2710
M2774	4434
M2775	2344
M2776	3355
M2777	3506
M2778	820
M2779	3660
M2780	806
M2781	1575
M2782	1015
M2783	2477
M2784	1508
M2785	730
M2786	1911
M2787	2006
M2788	1899
M2789	968
M2790	7565
M2791	4135
M2792	1702
M2793	3870
M2794	2052
M2795	5835
M2796	919
M2797	7621
M2798	1317
M2799	4095
M2800	3598
M2801	3658
M2802	1510
M2803	3870
M2804	2297
M2805	3777
M2806	2512
M2807	3135
M2808	1464
M2809	807
M2810	7621
M2811	2478
M2812	5807
M2813	1265
M2814	3062
M2815	3777
M2816	1561
M2817	3913
M2818	2558
M2819	2621
M2820	4519
M2821	5698
M2822	3428
M2823	2752
M2824	3058
M2825	5784
M2826	3014
M2827	3271
M2828	3776
M2829	4059
M2830	3402
M2831	3104
M2832	2685
M2833	1882
M2834	1666
M2835	2684
M2836	5807
M2837	3246
M2838	5020
M2839	4525
M2840	2564
M2841	2668
M2842	3896
M2843	955
M2844	2239
M2845	1380
M2846	6475
M2847	5766
M2848	2548
M2849	5160
M2850	3879
M2851	4525
M2852	682
M2853	6475
M2854	2705
M2855	3244
M2856	2539
M2857	2948
M2858	2942
M2859	5160
M2860	3668
M2861	3737
M2862	2120
M2863	4175
M2864	5499
M2865	5097
M2866	4813
M2867	3360
M2868	5870
M2869	4598
M2870	2911
M2871	6791
M2872	1679
M2873	3588
M2874	2982
M2875	1367
M2876	1990
M2877	3525
M2878	1431
M2879	3943
M2880	3795
M2881	2959
M2882	1132
M2883	1807
M2884	5304
M2885	3668
M2886	1758
M2887	3795
M2888	4454
M2889	3056
M2890	3887
M2891	3340
M2892	5820
M2893	2444
M2894	5304
M2895	4169
M2896	7770
M2897	1032
M2898	4989
M2899	3563
M2900	9495
M2901	4197
M2902	3015
M2903	7904
M2904	3761
M2905	1898
M2906	7770
M2907	9495
M2908	4662
M2909	7760
M2910	7904
M2911	9687
M2912	3013
M2913	3173
M2914	3617
M2915	2569
M2916	4731
M2917	9495
M2918	6743
M2919	7760
M2920	3339
M2921	9687
M2922	2189
M2923	2613
M2924	2476
M2925	4592
M2926	3409
M2927	4127
M2928	2960
M2929	6131
M2930	4456
M2931	6743
M2932	3792
M2933	6453
M2934	9687
M2935	3524
M2936	1823
M2937	6713
M2938	3042
M2939	1524
M2940	3982
M2941	5611
M2942	4639
M2943	6453
M2944	5655
M2945	2002
M2946	2508
M2947	5579
M2948	5611
M2949	3139
M2950	2448
M2951	3496
M2952	1533
M2953	2641
M2954	5655
M2955	1832
M2956	3873
M2957	2760
M2958	2635
M2959	4933
M2960	5579
M2961	6082
M2962	6782
M2963	3237
M2964	4832
M2965	1073
M2966	3873
M2967	5579
M2968	581
M2969	3028
M2970	2565
M2971	3243
M2972	1259
M2973	1055
M2974	4832
M2975	2136
M2976	2102
M2977	5579
M2978	2428
M2979	2638
M2980	3727
M2981	2588
M2982	2608
M2983	1525
M2984	1534
M2985	2136
M2986	3846
M2987	3864
M2988	916
M2989	2060
M2990	4615
M2991	1529
M2992	3448
M2993	585
M2994	2277
M2995	1025
M2996	3846
M2997	4615
M2998	1207
M2999	2285
M3000	1741
M3001	1277
M3002	1270
M3003	1060
M3004	2277
M3005	2464
M3006	1099
M3007	1909
M3008	2159
M3009	1490
M3010	800
M3011	1796
M3012	2051
M3013	3218
M3014	333
M3015	2464
M3016	1733
M3017	4165
M3018	3935
M3019	2566
M3020	4071
M3021	12160
M3022	3218
M3023	3903
M3024	536
M3025	1585
M3026	3660
M3027	1819
M3028	3660
M3029	12160
M3030	1757
M3031	3903
M3032	1469
M3033	4056
M3034	9301
M3035	4131
M3036	4172
M3037	1763
M3038	2004
M3039	2745
M3040	2428
M3041	5324
M3042	1043
M3043	4283
M3044	1260
M3045	2415
M3046	3130
M3047	4810
M3048	5883
M3049	4381
M3050	1834
M3051	5324
M3052	4993
M3053	6752
M3054	3333
M3055	9789
M3056	4029
M3057	2996
M3058	3370
M3059	8252
M3060	9488
M3061	5874
M3062	2573
M3063	6752
M3064	4666
M3065	7837
M3066	6893
M3067	6736
M3068	1764
M3069	8252
M3070	9488
M3071	3050
M3072	3219
M3073	2361
M3074	5897
M3075	3932
M3076	2703
M3077	6736
M3078	4256
M3079	4011
M3080	9488
M3081	4278
M3082	1779
M3083	5920
M3084	10060
M3085	14984
M3086	2609
M3087	3078
M3088	3387
M3089	4420
M3090	3883
M3091	4278
M3092	8216
M3093	4796
M3094	2784
M3095	8539
M3096	5518
M3097	15142
M3098	14984
M3099	4219
M3100	3946
M3101	1738
M3102	8216
M3103	2597
M3104	15142
M3105	14984
M3106	4208
M3107	3411
M3108	3401
M3109	16068
M3110	3946
M3111	4668
M3112	6261
M3113	3190
M3114	5467
M3115	4740
M3116	2070
M3117	3769
M3118	6141
M3119	9647
M3120	10105
M3121	6745
M3122	6261
M3123	3877
M3124	9252
M3125	6039
M3126	9356
M3127	5533
M3128	2367
M3129	9647
M3130	10105
M3131	4132
M3132	2217
M3133	4358
M3134	14532
M3135	3698
M3136	6581
M3137	6750
M3138	11800
M3139	5966
M3140	10105
M3141	7121
M3142	2708
M3143	6261
M3144	8995
M3145	4175
M3146	7556
M3147	9350
M3148	4210
M3149	11893
M3150	3448
M3151	15028
M3152	4401
M3153	6261
M3154	4989
M3155	3267
M3156	11893
M3157	6140
M3158	15028
M3159	9023
M3160	6060
M3161	5658
M3162	6768
M3163	5229
M3164	5996
M3165	5227
M3166	6565
M3167	4626
M3168	8753
M3169	4751
M3170	3936
M3171	7560
M3172	3647
M3173	3884
M3174	3267
M3175	4595
M3176	15346
M3177	15028
M3178	7169
M3179	7605
M3180	1452
M3181	4179
M3182	6565
M3183	3036
M3184	2831
M3185	3871
M3186	3152
M3187	2174
M3188	1219
M3189	2552
M3190	2916
M3191	1783
M3192	3079
M3193	6434
M3194	1993
M3195	1736
M3196	2372
M3197	2104
M3198	3458
M3199	1477
M3200	3102
M3201	4811
M3202	3260
M3203	6633
M3204	4420
M3205	15346
M3206	5002
M3207	12658
M3208	5458
M3209	4124
M3210	5480
M3211	5109
M3212	5379
M3213	6498
M3214	3981
M3215	7147
M3216	8603
M3217	3599
M3218	12658
M3219	5576
M3220	5137
M3221	4147
M3222	3381
M3223	14974
M3224	7123
M3225	13783
M3226	8603
M3227	12796
M3228	4110
M3229	6167
M3230	3255
M3231	6071
M3232	6765
M3233	3904
M3234	10314
M3235	8542
M3236	6551
M3237	4814
M3238	6455
M3239	3874
M3240	11979
M3241	2541
M3242	3672
M3243	9847
M3244	6469
M3245	10565
M3246	4637
M3247	5779
M3248	7225
M3249	3985
M3250	13783
M3251	5239
M3252	12796
M3253	6233
M3254	5605
M3255	12598
M3256	17001
M3257	20616
M3258	4862
M3259	5783
M3260	7892
M3261	6778
M3262	4574
M3263	12796
M3264	23756
M3265	6218
M3266	12598
M3267	17001
M3268	20616
M3269	6168
M3270	4601
M3271	95
M3272	4385
M3273	7084
M3274	23756
M3275	16
M3276	37488
M3277	17001
M3278	20616
M3279	4787
M3280	8472
M3281	8644
M3282	4905
M3283	7570
M3284	6485
M3285	6163
M3286	5719
M3287	4450
M3288	6932
M3289	3836
M3290	4325
M3291	4848
M3292	7346
M3293	7726
M3294	7332
M3295	4684
M3296	9028
M3297	5438
M3298	10476
M3299	23756
M3300	8285
M3301	37488
M3302	8017
M3303	20616
M3304	7140
M3305	8905
M3306	6427
M3307	11768
M3308	5033
M3309	7203
M3310	23756
M3311	5539
M3312	4747
M3313	2630
M3314	6404
M3315	37488
M3316	8017
M3317	4190
M3318	8454
M3319	4611
M3320	23756
M3321	4343
M3322	37488
M3323	5156
M3324	9246
M3325	6126
M3326	4930
M3327	4162
M3328	4452
M3329	6607
M3330	3876
M3331	4586
M3332	5131
M3333	2743
M3334	6131
M3335	3895
M3336	6592
M3337	5241
M3338	3799
M3339	4306
M3340	3491
M3341	4306
M3342	6172
M3343	8454
M3344	6762
M3345	9458
M3346	6333
M3347	37488
M3348	8012
M3349	9246
M3350	4593
M3351	1099
M3352	3546
M3353	7325
M3354	4992
M3355	5117
M3356	9458
M3357	3099
M3358	2912
M3359	5076
M3360	3767
M3361	3797
M3362	8012
M3363	5556
M3364	11678
M3365	3250
M3366	9458
M3367	6348
M3368	17614
M3369	4396
M3370	4403
M3371	5637
M3372	2558
M3373	5164
M3374	2310
M3375	4093
M3376	1969
M3377	3526
M3378	5803
M3379	3398
M3380	3823
M3381	4068
M3382	1441
M3383	2623
M3384	2044
M3385	2404
M3386	3688
M3387	1861
M3388	4910
M3389	11678
M3390	5275
M3391	8947
M3392	5202
M3393	17614
M3394	2934
M3395	5548
M3396	3248
M3397	7240
M3398	6503
M3399	3016
M3400	3701
M3401	8947
M3402	9570
M3403	6239
M3404	3213
M3405	3419
M3406	17614
M3407	5046
M3408	3005
M3409	6322
M3410	9949
M3411	7580
M3412	9570
M3413	7297
M3414	3408
M3415	3051
M3416	4689
M3417	3309
M3418	8097
M3419	5458
M3420	6409
M3421	6342
M3422	5600
M3423	6006
M3424	6210
M3425	5627
M3426	3012
M3427	6431
M3428	5712
M3429	3726
M3430	4981
M3431	6675
M3432	3087
M3433	6992
M3434	4554
M3435	9949
M3436	10354
M3437	7620
M3438	7297
M3439	3321
M3440	4611
M3441	8538
M3442	8544
M3443	10126
M3444	3990
M3445	5577
M3446	10354
M3447	6147
M3448	5798
M3449	4601
M3450	5861
M3451	14057
M3452	8770
M3453	10228
M3454	9941
M3455	3898
M3456	8478
M3457	6147
M3458	14057
M3459	8770
M3460	3881
M3461	5977
M3462	3737
M3463	5333
M3464	6684
M3465	4314
M3466	4600
M3467	6283
M3468	8795
M3469	4248
M3470	4323
M3471	5601
M3472	1189
M3473	5429
M3474	3551
M3475	7064
M3476	7198
M3477	3820
M3478	5084
M3479	9941
M3480	3591
M3481	7924
M3482	4908
M3483	9024
M3484	8879
M3485	7299
M3486	5008
M3487	9857
M3488	4882
M3489	10380
M3490	11100
M3491	3579
M3492	7924
M3493	6430
M3494	4699
M3495	4368
M3496	3592
M3497	9857
M3498	9178
M3499	10380
M3500	11100
M3501	6122
M3502	4903
M3503	1953
M3504	5653
M3505	9178
M3506	8061
M3507	4649
M3508	5235
M3509	3802
M3510	5527
M3511	8737
M3512	4916
M3513	3345
M3514	4167
M3515	5301
M3516	4361
M3517	4930
M3518	4591
M3519	3295
M3520	8922
M3521	5762
M3522	3382
M3523	11100
M3524	4873
M3525	3398
M3526	7512
M3527	2911
M3528	5410
M3529	5973
M3530	4034
M3531	6148
M3532	14266
M3533	5471
M3534	7087
M3535	10634
M3536	2519
M3537	7681
M3538	7512
M3539	3793
M3540	4555
M3541	8522
M3542	3176
M3543	4219
M3544	8984
M3545	10634
M3546	4854
M3547	10033
M3548	4310
M3549	4799
M3550	2363
M3551	8522
M3552	3334
M3553	6463
M3554	5508
M3555	4532
M3556	2483
M3557	3602
M3558	6866
M3559	2183
M3560	4269
M3561	3886
M3562	5804
M3563	3719
M3564	4870
M3565	2640
M3566	3163
M3567	7073
M3568	3329
M3569	4691
M3570	12756
M3571	5537
M3572	4568
M3573	10033
M3574	6634
M3575	12618
M3576	2823
M3577	4499
M3578	6730
M3579	8896
M3580	8442
M3581	2858
M3582	3698
M3583	5889
M3584	10033
M3585	4463
M3586	3466
M3587	8442
M3588	8102
M3589	4748
M3590	5041
M3591	3141
M3592	2477
M3593	5889
M3594	3909
M3595	5289
M3596	3722
M3597	4153
M3598	4164
M3599	2078
M3600	3092
M3601	8178
M3602	7787
M3603	6639
M3604	6160
M3605	5136
M3606	4471
M3607	4024
M3608	3499
M3609	5796
M3610	4798
M3611	5796
M3612	6365
M3613	2727
M3614	4694
M3615	18169
M3616	11865
M3617	5587
M3618	2519
M3619	3492
M3620	5118
M3621	5289
M3622	8616
M3623	4642
M3624	5206
M3625	6732
M3626	18169
M3627	11865
M3628	6086
M3629	6598
M3630	3492
M3631	4580
M3632	4101
M3633	9313
M3634	5135
M3635	4324
M3636	12272
M3637	4917
M3638	4891
M3639	6598
M3640	9672
M3641	3695
M3642	1830
M3643	2965
M3644	4598
M3645	3375
M3646	901
M3647	3125
M3648	3621
M3649	4741
M3650	6413
M3651	3728
M3652	96
M3653	6666
M3654	3312
M3655	2717
M3656	2568
M3657	2664
M3658	2652
M3659	3534
M3660	2828
M3661	6447
M3662	2453
M3663	4891
M3664	5541
M3665	9672
M3666	3749
M3667	3987
M3668	6447
M3669	2120
M3670	5664
M3671	4138
M3672	7182
M3673	2676
M3674	4096
M3675	9672
M3676	3178
M3677	13268
M3678	11457
M3679	4532
M3680	5664
M3681	4468
M3682	7817
M3683	5029
M3684	2977
M3685	2950
M3686	7718
M3687	13268
M3688	2201
M3689	6300
M3690	2276
M3691	4945
M3692	4204
M3693	3213
M3694	7613
M3695	6692
M3696	6040
M3697	5574
M3698	3634
M3699	2302
M3700	2111
M3701	5266
M3702	1472
M3703	2739
M3704	3237
M3705	1861
M3706	2148
M3707	11457
M3708	6410
M3709	11461
M3710	3549
M3711	9270
M3712	3626
M3713	13268
M3714	13573
M3715	4701
M3716	3270
M3717	9077
M3718	10858
M3719	6418
M3720	11461
M3721	4080
M3722	9270
M3723	3592
M3724	5927
M3725	7650
M3726	6236
M3727	12128
M3728	8378
M3729	8669
M3730	6664
M3731	5965
M3732	9270
M3733	3691
M3734	16372
M3735	7102
M3736	6236
M3737	12128
M3738	3613
M3739	5254
M3740	5749
M3741	3300
M3742	3564
M3743	8169
M3744	6500
M3745	6629
M3746	2279
M3747	2410
M3748	4606
M3749	7254
M3750	5933
M3751	6089
M3752	2862
M3753	6317
M3754	2999
M3755	2926
M3756	5051
M3757	16372
M3758	3632
M3759	5295
M3760	12128
M3761	1881
M3762	4337
M3763	4909
M3764	2930
M3765	4546
M3766	3180
M3767	3863
M3768	3555
M3769	16372
M3770	5656
M3771	3431
M3772	3341
M3773	4673
M3774	15073
M3775	15074
M3776	17318
M3777	6172
M3778	4698
M3779	16372
M3780	3401
M3781	4434
M3782	2862
M3783	2147
M3784	5944
M3785	1913
M3786	4227
M3787	4574
M3788	4060
M3789	1532
M3790	3825
M3791	4327
M3792	1318
M3793	2977
M3794	5010
M3795	2905
M3796	15073
M3797	15074
M3798	17318
M3799	2265
M3800	4788
M3801	5239
M3802	1362
M3803	4131
M3804	4976
M3805	5023
M3806	2047
M3807	2794
M3808	4545
M3809	10886
M3810	3532
M3811	15074
M3812	17318
M3813	5947
M3814	3972
M3815	3344
M3816	5706
M3817	2351
M3818	2237
M3819	6271
M3820	8835
M3821	6062
M3822	17318
M3823	11347
M3824	3003
M3825	3482
M3826	4521
M3827	8835
M3828	5006
M3829	2556
M3830	3852
M3831	6092
M3832	2313
M3833	6600
M3834	2621
M3835	5699
M3836	5715
M3837	3234
M3838	4955
M3839	3388
M3840	4196
M3841	5644
M3842	2771
M3843	2632
M3844	3350
M3845	3396
M3846	7618
M3847	3946
M3848	11347
M3849	8983
M3850	5306
M3851	4224
M3852	2841
M3853	2617
M3854	3936
M3855	4729
M3856	15482
M3857	4939
M3858	1931
M3859	5869
M3860	8983
M3861	4785
M3862	8993
M3863	6696
M3864	2419
M3865	3654
M3866	15482
M3867	4486
M3868	7911
M3869	5869
M3870	3447
M3871	4342
M3872	2937
M3873	4690
M3874	2758
M3875	2015
M3876	4515
M3877	3001
M3878	2654
M3879	5368
M3880	7324
M3881	3202
M3882	6064
M3883	2631
M3884	4567
M3885	3417
M3886	2870
M3887	2593
M3888	3604
M3889	4694
M3890	6214
M3891	12289
M3892	15482
M3893	5848
M3894	7911
M3895	6881
M3896	2712
M3897	3566
M3898	4631
M3899	3205
M3900	3764
M3901	3515
M3902	12289
M3903	15482
M3904	4782
M3905	6556
M3906	6881
M3907	8244
M3908	2842
M3909	9475
M3910	6095
M3911	3453
M3912	12346
M3913	5606
M3914	13198
M3915	6556
M3916	11432
M3917	2722
M3918	4409
M3919	4571
M3920	3133
M3921	6389
M3922	3192
M3923	3030
M3924	3455
M3925	5603
M3926	14036
M3927	3477
M3928	3572
M3929	3144
M3930	2978
M3931	4189
M3932	3400
M3933	1948
M3934	1781
M3935	4430
M3936	4861
M3937	12346
M3938	10322
M3939	13198
M3940	4180
M3941	11432
M3942	3694
M3943	3207
M3944	12832
M3945	10322
M3946	8183
M3947	6285
M3948	7507
M3949	3689
M3950	5676
M3951	11432
M3952	6049
M3953	6819
M3954	5333
M3955	5798
M3956	3440
M3957	12832
M3958	9221
M3959	6106
M3960	5011
M3961	9326
M3962	3657
M3963	6819
M3964	9689
M3965	3426
M3966	3205
M3967	7114
M3968	4511
M3969	3853
M3970	5159
M3971	3995
M3972	5401
M3973	7479
M3974	2444
M3975	1992
M3976	4524
M3977	5385
M3978	5203
M3979	9679
M3980	10724
M3981	3755
M3982	7141
M3983	9326
M3984	3483
M3985	3409
M3986	9679
M3987	10724
M3988	3882
M3989	3898
M3990	2786
M3991	2676
M3992	4849
M3993	6102
M3994	7141
M3995	3613
M3996	5355
M3997	4882
M3998	5600
M3999	2755
M4000	4659
M4001	6507
M4002	7977
M4003	11895
M4004	11541
M4005	3511
M4006	2584
M4007	4882
M4008	3815
M4009	1443
M4010	3972
M4011	2061
M4012	4314
M4013	5408
M4014	3297
M4015	2342
M4016	6850
M4017	2644
M4018	2589
M4019	2734
M4020	1249
M4021	1973
M4022	3995
M4023	5938
M4024	7977
M4025	11895
M4026	11541
M4027	5476
M4028	3397
M4029	3534
M4030	1338
M4031	2743
M4032	4299
M4033	6541
M4034	3140
M4035	5494
M4036	4099
M4037	6897
M4038	5588
M4039	11895
M4040	11541
M4041	1790
M4042	3958
M4043	1128
M4044	12195
M4045	3672
M4046	2663
M4047	15366
M4048	3101
M4049	9543
M4050	11541
M4051	10398
M4052	3881
M4053	2720
M4054	1258
M4055	4250
M4056	6099
M4057	1281
M4058	3562
M4059	4733
M4060	9141
M4061	1722
M4062	3041
M4063	7170
M4064	5227
M4065	2710
M4066	1122
M4067	1343
M4068	2078
M4069	2247
M4070	4392
M4071	4606
M4072	23002
M4073	1541
M4074	9543
M4075	4181
M4076	10398
M4077	1690
M4078	2060
M4079	23002
M4080	2221
M4081	4033
M4082	3316
M4083	5073
M4084	3542
M4085	4556
M4086	10398
M4087	4113
M4088	5458
M4089	6506
M4090	2965
M4091	2202
M4092	23002
M4093	1431
M4094	3011
M4095	5480
M4096	3585
M4097	5028
M4098	5458
M4099	3477
M4100	2080
M4101	2677
M4102	2529
M4103	3738
M4104	4780
M4105	16935
M4106	2940
M4107	4167
M4108	7770
M4109	5375
M4110	4284
M4111	4321
M4112	638
M4113	3402
M4114	5408
M4115	3768
M4116	3887
M4117	6044
M4118	4708
M4119	4356
M4120	5480
M4121	8665
M4122	4635
M4123	3546
M4124	4769
M4125	6365
M4126	5630
M4127	5126
M4128	4819
M4129	84
M4130	3867
M4131	8665
M4132	3880
M4133	8014
M4134	5761
M4135	6365
M4136	4661
M4137	2927
M4138	5613
M4139	4111
M4140	2050
M4141	3093
M4142	9258
M4143	8014
M4144	10793
M4145	9297
M4146	5495
M4147	2778
M4148	2843
M4149	2348
M4150	4072
M4151	1542
M4152	3778
M4153	7096
M4154	1794
M4155	3108
M4156	5752
M4157	1152
M4158	5406
M4159	2000
M4160	2909
M4161	3987
M4162	2695
M4163	2656
M4164	4447
M4165	4814
M4166	9258
M4167	6417
M4168	4216
M4169	11056
M4170	2748
M4171	3218
M4172	2492
M4173	10793
M4174	9297
M4175	4029
M4176	4633
M4177	3501
M4178	6665
M4179	6417
M4180	3701
M4181	12372
M4182	12161
M4183	3864
M4184	4196
M4185	1677
M4186	3647
M4187	3501
M4188	3841
M4189	13637
M4190	12165
M4191	12372
M4192	12161
M4193	2794
M4194	3492
M4195	1599
M4196	2012
M4197	4559
M4198	2555
M4199	3581
M4200	2505
M4201	919
M4202	5450
M4203	1656
M4204	4828
M4205	4026
M4206	4445
M4207	2766
M4208	2594
M4209	3438
M4210	2169
M4211	4836
M4212	13637
M4213	12165
M4214	13994
M4215	12161
M4216	2004
M4217	4808
M4218	1257
M4219	5629
M4220	4010
M4221	2271
M4222	1753
M4223	6174
M4224	13637
M4225	3331
M4226	13994
M4227	4178
M4228	2633
M4229	1900
M4230	2402
M4231	4425
M4232	7163
M4233	11153
M4234	13637
M4235	2481
M4236	13994
M4237	3033
M4238	2588
M4239	3531
M4240	6543
M4241	3506
M4242	3635
M4243	6289
M4244	2934
M4245	4245
M4246	4692
M4247	3437
M4248	4722
M4249	7096
M4250	9188
M4251	4201
M4252	2814
M4253	3177
M4254	5964
M4255	2632
M4256	4593
M4257	11153
M4258	6802
M4259	7057
M4260	7256
M4261	2206
M4262	3699
M4263	2447
M4264	5036
M4265	2130
M4266	2689
M4267	5448
M4268	1837
M4269	2136
M4270	4705
M4271	6802
M4272	5587
M4273	6670
M4274	4002
M4275	9581
M4276	16673
M4277	19054
M4278	16899
M4279	2053
M4280	4705
M4281	2569
M4282	28
M4283	2726
M4284	2176
M4285	2768
M4286	7467
M4287	764
M4288	3891
M4289	4691
M4290	2636
M4291	4160
M4292	2677
M4293	3026
M4294	1736
M4295	3267
M4296	3561
M4297	9581
M4298	16673
M4299	19054
M4300	16899
M4301	1070
M4302	3855
M4303	2794
M4304	4358
M4305	4192
M4306	4146
M4307	5425
M4308	4396
M4309	1693
M4310	2746
M4311	6602
M4312	16673
M4313	19054
M4314	16899
M4315	2973
M4316	3104
M4317	4756
M4318	5867
M4319	4016
M4320	6254
M4321	5913
M4322	2081
M4323	19054
M4324	16899
M4325	3082
M4326	3898
M4327	3303
M4328	9994
M4329	3806
M4330	5682
M4331	5520
M4332	4293
M4333	6762
M4334	3685
M4335	3525
M4336	3092
M4337	4741
M4338	4715
M4339	4287
M4340	4000
M4341	2586
M4342	4933
M4343	4047
M4344	2908
M4345	5846
M4346	4214
M4347	5680
M4348	4440
M4349	13441
M4350	16899
M4351	3264
M4352	9056
M4353	3319
M4354	18662
M4355	6578
M4356	5115
M4357	8073
M4358	9994
M4359	10115
M4360	4711
M4361	2751
M4362	6507
M4363	9056
M4364	2992
M4365	4123
M4366	4546
M4367	5101
M4368	4377
M4369	5460
M4370	3149
M4371	4070
M4372	6507
M4373	3462
M4374	4931
M4375	1896
M4376	4546
M4377	5315
M4378	2168
M4379	4133
M4380	5020
M4381	5453
M4382	8133
M4383	3505
M4384	4100
M4385	5298
M4386	2567
M4387	3275
M4388	5325
M4389	5824
M4390	3583
M4391	3583
M4392	4037
M4393	2920
M4394	2964
M4395	6495
M4396	4506
M4397	2636
M4398	55
M4399	4931
M4400	5087
M4401	8451
M4402	3094
M4403	7247
M4404	11126
M4405	216
M4406	7581
M4407	6235
M4408	55
M4409	7675
M4410	8331
M4411	3210
M4412	1458
M4413	7998
M4414	8451
M4415	3268
M4416	4515
M4417	3320
M4418	4589
M4419	7675
M4420	7998
M4421	7505
M4422	4782
M4423	4775
M4424	3086
M4425	6399
M4426	3654
M4427	6446
M4428	2114
M4429	5510
M4430	6662
M4431	1427
M4432	5429
M4433	4613
M4434	4467
M4435	4244
M4436	3052
M4437	4446
M4438	3329
M4439	7063
M4440	4515
M4441	3659
M4442	1899
M4443	4568
M4444	3193
M4445	5992
M4446	6935
M4447	3738
M4448	9093
M4449	6833
M4450	18421
M4451	3409
M4452	5216
M4453	11280
M4454	2789
M4455	4568
M4456	10387
M4457	3995
M4458	5882
M4459	4689
M4460	18421
M4461	2257
M4462	10544
M4463	11280
M4464	3912
M4465	3113
M4466	2421
M4467	4380
M4468	5820
M4469	5018
M4470	5739
M4471	5308
M4472	3650
M4473	9375
M4474	9470
M4475	8004
M4476	5512
M4477	7591
M4478	4526
M4479	5328
M4480	4385
M4481	8917
M4482	2992
M4483	5118
M4484	4914
M4485	47555
M4486	18421
M4487	1777
M4488	10544
M4489	8156
M4490	3266
M4491	3144
M4492	6979
M4493	4640
M4494	7052
M4495	3249
M4496	47555
M4497	18421
M4498	5603
M4499	6586
M4500	8156
M4501	2463
M4502	4089
M4503	7738
M4504	2976
M4505	4943
M4506	47555
M4507	6065
M4508	10258
M4509	6586
M4510	11582
M4511	1507
M4512	3475
M4513	4897
M4514	5676
M4515	3730
M4516	3240
M4517	2741
M4518	6291
M4519	2278
M4520	4475
M4521	4060
M4522	4787
M4523	2727
M4524	4613
M4525	2692
M4526	1776
M4527	5301
M4528	2494
M4529	4146
M4530	1412
M4531	2396
M4532	47555
M4533	11382
M4534	10258
M4535	2517
M4536	11582
M4537	5716
M4538	2524
M4539	4675
M4540	3947
M4541	2403
M4542	6202
M4543	47555
M4544	11382
M4545	3702
M4546	7249
M4547	11582
M4548	3877
M4549	3428
M4550	9386
M4551	3466
M4552	4317
M4553	47555
M4554	5435
M4555	8450
M4556	7249
M4557	9193
M4558	3116
M4559	3302
M4560	3658
M4561	4436
M4562	5320
M4563	3285
M4564	5012
M4565	4795
M4566	3947
M4567	8839
M4568	11160
M4569	2295
M4570	4130
M4571	2294
M4572	3928
M4573	2350
M4574	3634
M4575	8089
M4576	4879
M4577	3371
M4578	5083
M4579	47555
M4580	9753
M4581	8450
M4582	5443
M4583	9193
M4584	2597
M4585	2381
M4586	4846
M4587	5751
M4588	4595
M4589	3172
M4590	5773
M4591	9753
M4592	3174
M4593	6682
M4594	9193
M4595	3129
M4596	2281
M4597	7494
M4598	5077
M4599	3772
M4600	5358
M4601	4386
M4602	9324
M4603	6682
M4604	4914
M4605	4359
M4606	3173
M4607	6456
M4608	12907
M4609	11231
M4610	2954
M4611	5768
M4612	1914
M4613	2854
M4614	3371
M4615	3151
M4616	2269
M4617	4661
M4618	3793
M4619	3461
M4620	4385
M4621	1860
M4622	2550
M4623	6361
M4624	4599
M4625	4102
M4626	6181
M4627	5231
M4628	4462
M4629	4914
M4630	11167
M4631	5769
M4632	9046
M4633	12907
M4634	11231
M4635	6238
M4636	5034
M4637	2891
M4638	10294
M4639	7337
M4640	4769
M4641	11167
M4642	3392
M4643	9031
M4644	4764
M4645	11231
M4646	3375
M4647	4397
M4648	8206
M4649	4098
M4650	2692
M4651	11167
M4652	4832
M4653	3316
M4654	3863
M4655	2863
M4656	2749
M4657	5339
M4658	2802
M4659	7561
M4660	5025
M4661	6324
M4662	6049
M4663	4121
M4664	5252
M4665	3856
M4666	5341
M4667	2953
M4668	4697
M4669	10921
M4670	5366
M4671	5378
M4672	5360
M4673	11167
M4674	3286
M4675	15930
M4676	10921
M4677	5357
M4678	5989
M4679	6904
M4680	3446
M4681	11380
M4682	8628
M4683	5378
M4684	3199
M4685	3227
M4686	10057
M4687	15533
M4688	4293
M4689	4868
M4690	15930
M4691	5182
M4692	4642
M4693	99
M4694	1
M4695	3
M4696	10057
M4697	2770
M4698	4040
M4699	5438
M4700	2994
M4701	4859
M4702	3400
M4703	4459
M4704	8788
M4705	3168
M4706	4366
M4707	6094
M4708	3006
M4709	1609
M4710	1941
M4711	6387
M4712	2850
M4713	4715
M4714	3379
M4715	6771
M4716	6781
M4717	1793
M4718	99
M4719	219
M4720	41
M4721	1
M4722	4441
M4723	6781
M4724	6400
M4725	5233
M4726	6714
M4727	8026
M4728	1
M4729	219
M4730	1
M4731	331
M4732	5660
M4733	1961
M4734	2978
M4735	17637
M4736	2178
M4737	4608
M4738	2
M4739	3679
M4740	31
M4741	331
M4742	17637
M4743	5561
M4744	7290
M4745	4871
M4746	4494
M4747	4370
M4748	5976
M4749	3624
M4750	4654
M4751	4404
M4752	2833
M4753	3091
M4754	5227
M4755	4508
M4756	3153
M4757	4564
M4758	7357
M4759	4423
M4760	3693
M4761	3778
M4762	4152
M4763	5083
M4764	3679
M4765	10342
M4766	1
M4767	17637
M4768	7884
M4769	7290
M4770	4624
M4771	4403
M4772	4257
M4773	7197
M4774	4293
M4775	3878
M4776	10342
M4777	2126
M4778	5615
M4779	5187
M4780	6217
M4781	17637
M4782	7884
M4783	7168
M4784	4903
M4785	7649
M4786	10342
M4787	4561
M4788	3559
M4789	3221
M4790	7073
M4791	1818
M4792	5776
M4793	4582
M4794	3132
M4795	6500
M4796	6202
M4797	7623
M4798	7222
M4799	6930
M4800	2090
M4801	4636
M4802	4466
M4803	2955
M4804	10798
M4805	3540
M4806	5232
M4807	6890
M4808	8043
M4809	893
M4810	7649
M4811	7406
M4812	3750
M4813	4102
M4814	2510
M4815	7073
M4816	2928
M4817	3267
M4818	4055
M4819	5228
M4820	3096
M4821	1871
M4822	7406
M4823	2418
M4824	3038
M4825	4396
M4826	1830
M4827	2447
M4828	4160
M4829	5048
M4830	9016
M4831	1105
M4832	7406
M4833	2548
M4834	4768
M4835	4495
M4836	2705
M4837	5822
M4838	4747
M4839	8370
M4840	4250
M4841	8588
M4842	3626
M4843	1381
M4844	5503
M4845	2681
M4846	4801
M4847	3580
M4848	3988
M4849	3095
M4850	3157
M4851	2142
M4852	12658
M4853	6470
M4854	2737
M4855	9016
M4856	5048
M4857	310
M4858	2746
M4859	12658
M4860	6470
M4861	5615
M4862	12239
M4863	4688
M4864	7229
M4865	1428
M4866	5048
M4867	2500
M4868	6608
M4869	8458
M4870	6446
M4871	5973
M4872	2405
M4873	3264
M4874	8506
M4875	2893
M4876	9694
M4877	3078
M4878	6608
M4879	5860
M4880	4642
M4881	4896
M4882	4219
M4883	1889
M4884	8506
M4885	3088
M4886	9694
M4887	1812
M4888	2278
M4889	8411
M4890	4997
M4891	5418
M4892	7360
M4893	6474
M4894	4930
M4895	3737
M4896	9694
M4897	4219
M4898	2357
M4899	6527
M4900	6474
M4901	2237
M4902	3676
M4903	2860
M4904	7050
M4905	3737
M4906	1554
M4907	2496
M4908	2242
M4909	3086
M4910	4312
M4911	3064
M4912	23849
M4913	5236
M4914	1595
M4915	3911
M4916	1319
M4917	2496
M4918	2389
M4919	7243
M4920	3928
M4921	3774
M4922	23849
M4923	5529
M4924	4910
M4925	3911
M4926	5465
M4927	1495
M4928	2554
M4929	6329
M4930	2425
M4931	2587
M4932	5643
M4933	1921
M4934	4910
M4935	987
M4936	5465
M4937	1393
M4938	3590
M4939	4351
M4940	3680
M4941	3553
M4942	5540
M4943	2155
M4944	5552
M4945	4893
M4946	5465
M4947	2768
M4948	1451
M4949	6311
M4950	5830
M4951	6163
M4952	1967
M4953	2155
M4954	5552
M4955	4893
M4956	1089
M4957	2089
M4958	1163
M4959	2204
M4960	7190
M4961	3615
M4962	1563
M4963	2524
M4964	5552
M4965	4893
M4966	1472
M4967	1755
M4968	1838
M4969	4208
M4970	2086
M4971	2500
M4972	2704
M4973	884
M4974	3628
M4975	4893
M4976	2478
M4977	2237
M4978	1032
M4979	912
M4980	2133
M4981	5082
M4982	2073
M4983	3994
M4984	1587
M4985	2478
M4986	2830
M4987	1158
M4988	1963
M4989	4141
M4990	6366
M4991	6206
M4992	1957
M4993	1185
M4994	2830
M4995	2374
M4996	515
M4997	1162
M4998	1260
M4999	585
M5000	422
M5001	860
M5002	974
M5003	1293
M5004	522
M5005	1231
M5006	836
M5007	2744
M5008	1165
M5009	3146
M5010	727
M5011	2112
M5012	3220
M5013	1293
M5014	2723
M5015	689
M5016	1293
M5017	1630
M5018	1038
M5019	3146
M5020	1182
M5021	2112
M5022	3220
M5023	2106
M5024	477
M5025	890
M5026	266
M5027	1182
M5028	1214
M5029	1133
M5030	1715
M5031	1682
M5032	3220
M5033	1228
M5034	2486
M5035	1226
M5036	1427
M5037	2163
M5038	1679
M5039	961
M5040	4023
M5041	833
M5042	1570
M5043	2933
M5044	1069
M5045	1226
M5046	3256
M5047	4023
M5048	1227
M5049	1033
M5050	864
M5051	827
M5052	1570
M5053	999
M5054	2830
M5055	641
M5056	1341
M5057	3010
M5058	1069
M5059	3256
M5060	4023
M5061	1073
M5062	1734
M5063	1308
M5064	2830
M5065	607
M5066	3256
M5067	1137
M5068	1838
M5069	2656
M5070	924
M5071	475
M5072	1734
M5073	1340
M5074	4478
M5075	1645
M5076	2483
M5077	684
M5078	1838
M5079	1662
M5080	1039
M5081	1155
M5082	2578
M5083	1670
M5084	4478
M5085	93
M5086	1836
M5087	1814
M5088	1253
M5089	2186
M5090	1224
M5091	776
M5092	2464
M5093	1081
M5094	4478
M5095	1015
M5096	865
M5097	1656
M5098	1477
M5099	1125
M5100	2996
M5101	1393
M5102	2464
M5103	2232
M5104	1954
M5105	1850
M5106	897
M5107	1725
M5108	1365
M5109	955
M5110	726
M5111	3277
M5112	1092
M5113	5114
M5114	1662
M5115	1850
M5116	1590
M5117	1686
M5118	908
M5119	1924
M5120	2542
M5121	605
M5122	1709
M5123	1327
M5124	1906
M5125	2810
M5126	2371
M5127	1424
M5128	526
M5129	1140
M5130	2854
M5131	1693
M5132	1616
M5133	1358
M5134	3129
M5135	1175
M5136	3277
M5137	2640
M5138	5114
M5139	2502
M5140	856
M5141	999
M5142	2145
M5143	1416
M5144	910
M5145	3129
M5146	1995
M5147	2548
M5148	4817
M5149	5114
M5150	1765
M5151	2689
M5152	2260
M5153	2315
M5154	1419
M5155	2004
M5156	1452
M5157	2548
M5158	4817
M5159	3482
M5160	2246
M5161	2857
M5162	1079
M5163	1132
M5164	1258
M5165	1775
M5166	938
M5167	2321
M5168	1126
M5169	1359
M5170	1274
M5171	1460
M5172	1816
M5173	1538
M5174	1964
M5175	904
M5176	1738
M5177	1339
M5178	1422
M5179	1723
M5180	2003
M5181	1559
M5182	3375
M5183	4817
M5184	6692
M5185	2609
M5186	1732
M5187	928
M5188	2127
M5189	1092
M5190	1623
M5191	1303
M5192	501
M5193	3375
M5194	2079
M5195	6692
M5196	1826
M5197	2463
M5198	436
M5199	4684
M5200	1321
M5201	1795
M5202	1107
M5203	676
M5204	1909
M5205	6692
M5206	2856
M5207	1510
M5208	1558
M5209	890
M5210	875
M5211	535
M5212	1094
M5213	2188
M5214	1302
M5215	2106
M5216	1438
M5217	2349
M5218	2071
M5219	599
M5220	2165
M5221	1492
M5222	1010
M5223	652
M5224	4684
M5225	916
M5226	3643
M5227	1618
M5228	2856
M5229	1833
M5230	1616
M5231	4684
M5232	1589
M5233	2100
M5234	1787
M5235	2472
M5236	2102
M5237	2699
M5238	1020
M5239	1238
M5240	3643
M5241	1785
M5242	2474
M5243	1015
M5244	1835
M5245	2258
M5246	1661
M5247	621
M5248	2335
M5249	1088
M5250	3668
M5251	2073
M5252	2474
M5253	1825
M5254	1402
M5255	2540
M5256	1391
M5257	790
M5258	2446
M5259	3247
M5260	1422
M5261	1183
M5262	1030
M5263	1082
M5264	2511
M5265	2387
M5266	1615
M5267	1777
M5268	900
M5269	1404
M5270	1813
M5271	1298
M5272	820
M5273	3240
M5274	778
M5275	3668
M5276	2902
M5277	1102
M5278	1438
M5279	1379
M5280	1544
M5281	1227
M5282	2257
M5283	2989
M5284	1275
M5285	1258
M5286	2902
M5287	1339
M5288	2868
M5289	1362
M5290	809
M5291	1042
M5292	2025
M5293	470
M5294	1512
M5295	894
M5296	1383
M5297	2041
M5298	2868
M5299	2462
M5300	1383
M5301	1648
M5302	1589
M5303	3219
M5304	2201
M5305	1902
M5306	3289
M5307	871
M5308	3156
M5309	1182
M5310	1160
M5311	863
M5312	1611
M5313	2434
M5314	1964
M5315	1780
M5316	4459
M5317	2444
M5318	3446
M5319	2142
M5320	2041
M5321	1688
M5322	1221
M5323	2036
M5324	791
M5325	870
M5326	2096
M5327	2000
M5328	4459
M5329	1486
M5330	3446
M5331	3417
M5332	859
M5333	1261
M5334	1113
M5335	2436
M5336	2109
M5337	1751
M5338	2057
M5339	1089
M5340	4614
M5341	3417
M5342	1359
M5343	1721
M5344	9978
M5345	1023
M5346	642
M5347	1034
M5348	1444
M5349	2102
M5350	2899
M5351	2286
M5352	2817
M5353	1697
M5354	1622
M5355	1186
M5356	1808
M5357	1503
M5358	1216
M5359	3304
M5360	2224
M5361	1326
M5362	1621
M5363	1260
M5364	4614
M5365	1093
M5366	1039
M5367	2747
M5368	9978
M5369	1982
M5370	3526
M5371	1595
M5372	2062
M5373	2691
M5374	1536
M5375	1149
M5376	1872
M5377	1933
M5378	2003
M5379	4845
M5380	2747
M5381	9978
M5382	2585
M5383	3526
M5384	1763
M5385	1851
M5386	1672
M5387	1643
M5388	2101
M5389	4845
M5390	1943
M5391	9978
M5392	2585
M5393	1811
M5394	2565
M5395	1717
M5396	2041
M5397	1960
M5398	1957
M5399	2563
M5400	1009
M5401	861
M5402	1132
M5403	2229
M5404	1661
M5405	1645
M5406	4021
M5407	1095
M5408	1831
M5409	2975
M5410	3018
M5411	1014
M5412	1624
M5413	4845
M5414	2525
M5415	9978
M5416	1381
M5417	3890
M5418	1315
M5419	1636
M5420	2384
M5421	1446
M5422	1941
M5423	2362
M5424	886
M5425	2341
M5426	5133
M5427	2525
M5428	2910
M5429	1912
M5430	3890
M5431	1789
M5432	948
M5433	1498
M5434	2480
M5435	1779
M5436	5133
M5437	1757
M5438	2910
M5439	46
M5440	2342
M5441	2748
M5442	2065
M5443	2436
M5444	1671
M5445	2561
M5446	2196
M5447	2621
M5448	1544
M5449	1459
M5450	831
M5451	1142
M5452	2530
M5453	1778
M5454	1280
M5455	3062
M5456	1943
M5457	2423
M5458	3520
M5459	5133
M5460	4083
M5461	3497
M5462	3184
M5463	2551
M5464	2217
M5465	2028
M5466	1980
M5467	1700
M5468	1301
M5469	4039
M5470	1810
M5471	2720
M5472	4083
M5473	5131
M5474	616
M5475	3227
M5476	1234
M5477	2922
M5478	1160
M5479	4039
M5480	2531
M5481	5112
M5482	998
M5483	5131
M5484	1510
M5485	3227
M5486	579
M5487	1806
M5488	1872
M5489	1623
M5490	1478
M5491	3107
M5492	1185
M5493	2952
M5494	1091
M5495	1339
M5496	1723
M5497	1138
M5498	1308
M5499	1256
M5500	1751
M5501	1279
M5502	967
M5503	974
M5504	2153
M5505	2039
M5506	5112
M5507	2511
M5508	3834
M5509	1510
M5510	1018
M5511	2203
M5512	3558
M5513	1812
M5514	1105
M5515	2647
M5516	5112
M5517	4524
M5518	3834
M5519	1596
M5520	1246
M5521	1701
M5522	2286
M5523	2010
M5524	2016
M5525	1742
M5526	4594
M5527	4524
M5528	1988
M5529	1515
M5530	2207
M5531	1324
M5532	1904
M5533	553
M5534	1385
M5535	2507
M5536	2021
M5537	2613
M5538	814
M5539	1535
M5540	2934
M5541	1762
M5542	1838
M5543	3834
M5544	1777
M5545	1645
M5546	2611
M5547	1847
M5548	4594
M5549	975
M5550	4334
M5551	2608
M5552	2514
M5553	2164
M5554	2524
M5555	1346
M5556	3379
M5557	2388
M5558	2611
M5559	3509
M5560	1382
M5561	3435
M5562	4334
M5563	2608
M5564	908
M5565	1585
M5566	3447
M5567	2381
M5568	1520
M5569	1982
M5570	3091
M5571	3435
M5572	4334
M5573	1448
M5574	2620
M5575	2401
M5576	2470
M5577	1978
M5578	1278
M5579	2252
M5580	2946
M5581	1987
M5582	1269
M5583	2111
M5584	1681
M5585	1415
M5586	4544
M5587	1423
M5588	1373
M5589	636
M5590	1170
M5591	1956
M5592	2494
M5593	3091
M5594	4988
M5595	5433
M5596	1586
M5597	2620
M5598	757
M5599	1322
M5600	1375
M5601	2532
M5602	1604
M5603	2213
M5604	1055
M5605	2343
M5606	4988
M5607	5433
M5608	1323
M5609	2428
M5610	2371
M5611	615
M5612	1103
M5613	442
M5614	2160
M5615	4137
M5616	4988
M5617	2500
M5618	2492
M5619	1400
M5620	1913
M5621	1610
M5622	1867
M5623	3208
M5624	5162
M5625	925
M5626	2962
M5627	2002
M5628	1664
M5629	2404
M5630	2039
M5631	1545
M5632	5433
M5633	447
M5634	750
M5635	3957
M5636	1992
M5637	4137
M5638	2301
M5639	1042
M5640	2710
M5641	1165
M5642	982
M5643	1910
M5644	1502
M5645	3351
M5646	3051
M5647	3957
M5648	1573
M5649	2098
M5650	3240
M5651	362
M5652	2710
M5653	1386
M5654	2121
M5655	2173
M5656	2943
M5657	1293
M5658	877
M5659	1677
M5660	3240
M5661	2469
M5662	1718
M5663	1735
M5664	3289
M5665	1867
M5666	2443
M5667	753
M5668	874
M5669	3320
M5670	2478
M5671	2036
M5672	1885
M5673	607
M5674	1998
M5675	2312
M5676	3485
M5677	1537
M5678	1126
M5679	1991
M5680	2560
M5681	2415
M5682	2947
M5683	1677
M5684	3159
M5685	1337
M5686	1614
M5687	3746
M5688	1557
M5689	2247
M5690	1384
M5691	6671
M5692	1189
M5693	3116
M5694	1769
M5695	1552
M5696	3159
M5697	1250
M5698	1837
M5699	3310
M5700	1794
M5701	6671
M5702	673
M5703	3116
M5704	2594
M5705	1173
M5706	1088
M5707	3105
M5708	1466
M5709	2446
M5710	2595
M5711	2245
M5712	1980
M5713	2008
M5714	1954
M5715	1072
M5716	3461
M5717	1657
M5718	2350
M5719	2039
M5720	1241
M5721	1404
M5722	4444
M5723	2016
M5724	6671
M5725	1826
M5726	3806
M5727	2594
M5728	1775
M5729	2020
M5730	1930
M5731	1482
M5732	1845
M5733	4147
M5734	2227
M5735	2431
M5736	6671
M5737	2795
M5738	3806
M5739	4796
M5740	691
M5741	1669
M5742	2477
M5743	2266
M5744	2697
M5745	1014
M5746	1906
M5747	2747
M5748	3083
M5749	4796
M5750	1724
M5751	1715
M5752	3465
M5753	1824
M5754	1712
M5755	1346
M5756	1352
M5757	2206
M5758	1320
M5759	1960
M5760	1069
M5761	1128
M5762	1352
M5763	1051
M5764	2408
M5765	1607
M5766	2810
M5767	877
M5768	1439
M5769	3635
M5770	2824
M5771	3083
M5772	2796
M5773	831
M5774	4311
M5775	3465
M5776	3046
M5777	1712
M5778	1499
M5779	2139
M5780	1073
M5781	3856
M5782	2419
M5783	1025
M5784	1986
M5785	1295
M5786	4311
M5787	1991
M5788	3046
M5789	1229
M5790	1006
M5791	1783
M5792	1322
M5793	1611
M5794	1248
M5795	4161
M5796	4311
M5797	598
M5798	2291
M5799	2953
M5800	336
M5801	1409
M5802	2089
M5803	1539
M5804	2739
M5805	1458
M5806	3645
M5807	1401
M5808	1297
M5809	1990
M5810	2094
M5811	1844
M5812	2200
M5813	2064
M5814	833
M5815	1146
M5816	2635
M5817	1618
M5818	1682
M5819	4161
M5820	1600
M5821	2348
M5822	1991
M5823	1052
M5824	3046
M5825	2295
M5826	1920
M5827	422
M5828	1348
M5829	1418
M5830	3850
M5831	1489
M5832	1600
M5833	3516
M5834	2212
M5835	2118
M5836	1658
M5837	1143
M5838	3898
M5839	7474
M5840	3850
M5841	1556
M5842	1605
M5843	2898
M5844	2254
M5845	4097
M5846	4105
M5847	2226
M5848	3910
M5849	3066
M5850	3813
M5851	2101
M5852	3274
M5853	1984
M5854	2328
M5855	2855
M5856	2213
M5857	2076
M5858	2576
M5859	2074
M5860	3898
M5861	7474
M5862	1286
M5863	1483
M5864	1069
M5865	2576
M5866	2414
M5867	5029
M5868	2657
M5869	2729
M5870	1953
M5871	3197
M5872	1663
M5873	2319
M5874	2061
M5875	7474
M5876	2283
M5877	4042
M5878	2139
M5879	5678
M5880	3234
M5881	5029
M5882	2315
M5883	1873
M5884	3670
M5885	794
M5886	944
M5887	4042
M5888	2164
M5889	1740
M5890	3540
M5891	1943
M5892	2749
M5893	1923
M5894	2136
M5895	1150
M5896	1879
M5897	1907
M5898	5022
M5899	3642
M5900	3273
M5901	2959
M5902	2618
M5903	3437
M5904	3625
M5905	5678
M5906	2725
M5907	4350
M5908	5135
M5909	2119
M5910	4042
M5911	908
M5912	2719
M5913	3679
M5914	2479
M5915	2866
M5916	1478
M5917	2946
M5918	2041
M5919	1350
M5920	5135
M5921	6198
M5922	2499
M5923	380
M5924	4039
M5925	2655
M5926	3570
M5927	3075
M5928	3607
M5929	3510
M5930	3007
M5931	6198
M5932	9647
M5933	3395
M5934	1237
M5935	2320
M5936	110
M5937	2408
M5938	2398
M5939	2054
M5940	2198
M5941	2486
M5942	5397
M5943	2475
M5944	2739
M5945	1546
M5946	2687
M5947	4229
M5948	4275
M5949	3064
M5950	2464
M5951	2641
M5952	1624
M5953	5167
M5954	2619
M5955	1161
M5956	9647
M5957	4304
M5958	1245
M5959	945
M5960	3536
M5961	2708
M5962	1473
M5963	3261
M5964	628
M5965	90
M5966	5707
M5967	1986
M5968	2045
M5969	4304
M5970	2795
M5971	3052
M5972	5275
M5973	2816
M5974	3763
M5975	6335
M5976	5707
M5977	8714
M5978	2249
M5979	1264
M5980	3936
M5981	2866
M5982	3911
M5983	4449
M5984	2454
M5985	3541
M5986	2615
M5987	5440
M5988	4554
M5989	4140
M5990	1968
M5991	4168
M5992	3507
M5993	3325
M5994	3216
M5995	2306
M5996	2439
M5997	1498
M5998	14048
M5999	3763
M6000	6335
M6001	1219
M6002	8714
M6003	4356
M6004	3565
M6005	1311
M6006	3841
M6007	4990
M6008	3377
M6009	14048
M6010	4112
M6011	6335
M6012	407
M6013	8714
M6014	490
M6015	3971
M6016	14048
M6017	4112
M6018	451
M6019	1051
M6020	606
M6021	911
M6022	1916
M6023	8714
M6024	7207
M6025	1758
M6026	2099
M6027	2663
M6028	3400
M6029	3326
M6030	3312
M6031	2646
M6032	2005
M6033	3042
M6034	2935
M6035	1661
M6036	5262
M6037	2438
M6038	2358
M6039	4384
M6040	2877
M6041	3378
M6042	5416
M6043	4304
M6044	14048
M6045	4147
M6046	7011
M6047	1033
M6048	6304
M6049	7207
M6050	1478
M6051	3156
M6052	2908
M6053	1564
M6054	2774
M6055	3449
M6056	3275
M6057	7011
M6058	2966
M6059	6304
M6060	1148
M6061	3776
M6062	2428
M6063	4613
M6064	1936
M6065	1435
M6066	1983
M6067	2512
M6068	3391
M6069	6304
M6070	2561
M6071	3382
M6072	3820
M6073	1953
M6074	2051
M6075	2782
M6076	2234
M6077	2510
M6078	1867
M6079	1966
M6080	969
M6081	1785
M6082	1677
M6083	1689
M6084	1099
M6085	2140
M6086	1978
M6087	3355
M6088	2271
M6089	2251
M6090	2401
M6091	4030
M6092	622
M6093	1575
M6094	2561
M6095	979
M6096	1511
M6097	1639
M6098	3861
M6099	1176
M6100	418
M6101	3820
M6102	650
M6103	1189
M6104	1366
M6105	886
M6106	1186
M6107	979
M6108	1064
M6109	1164
M6110	1762
M6111	1387
M6112	2548
M6113	2156
M6114	1366
M6115	1303
M6116	1220
M6117	832
M6118	887
M6119	1128
M6120	5849
M6121	1335
M6122	26
M6123	582
M6124	1001
M6125	580
M6126	1222
M6127	3494
M6128	750
M6129	4531
M6130	1076
M6131	1924
M6132	2684
M6133	549
M6134	2941
M6135	2394
M6136	2388
M6137	847
M6138	1303
M6139	957
M6140	3250
M6141	419
M6142	1709
M6143	5849
M6144	1112
M6145	1695
M6146	345
M6147	2968
M6148	2381
M6149	876
M6150	325
M6151	2617
M6152	3250
M6153	1515
M6154	1468
M6155	5938
M6156	1245
M6157	993
M6158	2295
M6159	1173
M6160	2075
M6161	5030
M6162	3250
M6163	809
M6164	1270
M6165	5938
M6166	1945
M6167	1283
M6168	2249
M6169	1426
M6170	2741
M6171	2535
M6172	2333
M6173	3104
M6174	1718
M6175	1354
M6176	2066
M6177	2372
M6178	3698
M6179	1353
M6180	1469
M6181	1794
M6182	2490
M6183	816
M6184	1172
M6185	2844
M6186	1441
M6187	5030
M6188	1535
M6189	2767
M6190	2614
M6191	713
M6192	2673
M6193	7214
M6194	1892
M6195	2829
M6196	613
M6197	5016
M6198	5030
M6199	2946
M6200	1063
M6201	1245
M6202	1242
M6203	7214
M6204	2504
M6205	2829
M6206	1075
M6207	5016
M6208	1299
M6209	816
M6210	7214
M6211	2504
M6212	2052
M6213	1922
M6214	1561
M6215	2126
M6216	2302
M6217	2892
M6218	1021
M6219	1879
M6220	2420
M6221	3944
M6222	925
M6223	1668
M6224	3443
M6225	2310
M6226	4370
M6227	2157
M6228	3384
M6229	2002
M6230	838
M6231	5016
M6232	1560
M6233	2359
M6234	2348
M6235	1431
M6236	4568
M6237	738
M6238	2541
M6239	431
M6240	481
M6241	5049
M6242	1078
M6243	4093
M6244	1178
M6245	2359
M6246	2570
M6247	2345
M6248	799
M6249	2152
M6250	1186
M6251	5049
M6252	1314
M6253	4093
M6254	2203
M6255	2945
M6256	1586
M6257	1463
M6258	4334
M6259	3351
M6260	450
M6261	2895
M6262	3292
M6263	1350
M6264	1016
M6265	3203
M6266	2671
M6267	3207
M6268	1305
M6269	1329
M6270	1607
M6271	1295
M6272	791
M6273	2729
M6274	2007
M6275	1118
M6276	1424
M6277	1273
M6278	4093
M6279	6432
M6280	1824
M6281	1106
M6282	1463
M6283	4334
M6284	1550
M6285	1985
M6286	1449
M6287	1735
M6288	1184
M6289	1222
M6290	6432
M6291	2131
M6292	2431
M6293	1820
M6294	4334
M6295	2262
M6296	1289
M6297	2472
M6298	1982
M6299	1944
M6300	6432
M6301	1954
M6302	2431
M6303	580
M6304	1265
M6305	1314
M6306	1209
M6307	1374
M6308	856
M6309	1018
M6310	858
M6311	1718
M6312	948
M6313	1577
M6314	1579
M6315	1190
M6316	2913
M6317	2295
M6318	1407
M6319	2906
M6320	2261
M6321	1380
M6322	1254
M6323	6432
M6324	2184
M6325	740
M6326	1591
M6327	3338
M6328	2396
M6329	1637
M6330	4525
M6331	2316
M6332	1519
M6333	2218
M6334	521
M6335	618
M6336	2184
M6337	4525
M6338	1332
M6339	1780
M6340	1513
M6341	2006
M6342	1804
M6343	2218
M6344	3523
M6345	5089
M6346	705
M6347	4525
M6348	2549
M6349	1780
M6350	1082
M6351	2718
M6352	1835
M6353	1655
M6354	1446
M6355	1848
M6356	1376
M6357	1102
M6358	2938
M6359	1616
M6360	2176
M6361	1105
M6362	1098
M6363	2337
M6364	1784
M6365	1013
M6366	1460
M6367	1958
M6368	1972
M6369	1113
M6370	5089
M6371	1533
M6372	1845
M6373	3656
M6374	2498
M6375	2615
M6376	1262
M6377	2549
M6378	2278
M6379	3240
M6380	936
M6381	5089
M6382	669
M6383	3986
M6384	3201
M6385	1786
M6386	1794
M6387	759
M6388	840
M6389	3240
M6390	1311
M6391	4231
M6392	1196
M6393	3986
M6394	3201
M6395	1050
M6396	2113
M6397	1389
M6398	2177
M6399	1174
M6400	1655
M6401	1508
M6402	2006
M6403	2758
M6404	1471
M6405	1405
M6406	2202
M6407	1660
M6408	3604
M6409	1717
M6410	2180
M6411	1472
M6412	1944
M6413	2566
M6414	1458
M6415	4231
M6416	4601
M6417	3986
M6418	1681
M6419	2710
M6420	1491
M6421	1656
M6422	631
M6423	2186
M6424	1639
M6425	1565
M6426	2874
M6427	2436
M6428	5376
M6429	4601
M6430	7490
M6431	2034
M6432	2710
M6433	2254
M6434	403
M6435	485
M6436	1004
M6437	1606
M6438	5376
M6439	1011
M6440	7490
M6441	2880
M6442	2088
M6443	1055
M6444	1157
M6445	586
M6446	1016
M6447	1162
M6448	2167
M6449	1516
M6450	1916
M6451	3623
M6452	1941
M6453	2373
M6454	3665
M6455	820
M6456	2066
M6457	2302
M6458	2647
M6459	1782
M6460	714
M6461	5376
M6462	2454
M6463	3465
M6464	735
M6465	2192
M6466	267
M6467	2730
M6468	7490
M6469	197
M6470	1127
M6471	3696
M6472	1396
M6473	1477
M6474	2454
M6475	7490
M6476	2039
M6477	936
M6478	1496
M6479	1412
M6480	1004
M6481	3696
M6482	2285
M6483	1125
M6484	1329
M6485	7490
M6486	2522
M6487	4120
M6488	1556
M6489	1741
M6490	2206
M6491	2932
M6492	1825
M6493	1076
M6494	1461
M6495	3091
M6496	1603
M6497	1705
M6498	1189
M6499	2400
M6500	2243
M6501	1070
M6502	1324
M6503	1245
M6504	1840
M6505	1325
M6506	1125
M6507	1778
M6508	1543
M6509	2933
M6510	3360
M6511	2067
M6512	3260
M6513	7490
M6514	976
M6515	1824
M6516	3126
M6517	1849
M6518	1571
M6519	1778
M6520	1875
M6521	6817
M6522	1076
M6523	1321
M6524	2230
M6525	980
M6526	3126
M6527	1970
M6528	3242
M6529	532
M6530	1490
M6531	6817
M6532	1111
M6533	1981
M6534	1837
M6535	660
M6536	1560
M6537	1453
M6538	1666
M6539	1794
M6540	1991
M6541	2374
M6542	1759
M6543	1161
M6544	2011
M6545	2600
M6546	2131
M6547	1463
M6548	1860
M6549	1025
M6550	1244
M6551	392
M6552	3242
M6553	3850
M6554	2310
M6555	6817
M6556	2457
M6557	813
M6558	2367
M6559	1123
M6560	1152
M6561	1829
M6562	1406
M6563	778
M6564	3133
M6565	3850
M6566	1973
M6567	6817
M6568	1301
M6569	1046
M6570	2120
M6571	1522
M6572	1295
M6573	875
M6574	3133
M6575	2772
M6576	1091
M6577	968
M6578	916
M6579	3540
M6580	1866
M6581	1811
M6582	1588
M6583	1476
M6584	1509
M6585	2511
M6586	1772
M6587	757
M6588	1488
M6589	838
M6590	2767
M6591	1636
M6592	2222
M6593	2312
M6594	1449
M6595	2288
M6596	1052
M6597	1290
M6598	1737
M6599	451
M6600	2322
M6601	2772
M6602	2007
M6603	6964
M6604	1467
M6605	2115
M6606	884
M6607	1073
M6608	375
M6609	2234
M6610	1385
M6611	2322
M6612	765
M6613	1024
M6614	1379
M6615	1248
M6616	8278
M6617	2477
M6618	6141
M6619	2234
M6620	3410
M6621	1967
M6622	902
M6623	3025
M6624	2902
M6625	1706
M6626	1262
M6627	2758
M6628	993
M6629	3048
M6630	2465
M6631	2941
M6632	2961
M6633	2377
M6634	1843
M6635	3429
M6636	2125
M6637	1435
M6638	2243
M6639	1755
M6640	2004
M6641	8278
M6642	3440
M6643	6141
M6644	1863
M6645	3410
M6646	1044
M6647	840
M6648	8278
M6649	3440
M6650	1341
M6651	1780
M6652	4045
M6653	2392
M6654	1883
M6655	3410
M6656	1180
M6657	2853
M6658	3196
M6659	3996
M6660	8278
M6661	2079
M6662	3364
M6663	1191
M6664	6099
M6665	1857
M6666	2853
M6667	1290
M6668	2277
M6669	1303
M6670	2459
M6671	2203
M6672	1817
M6673	2551
M6674	2445
M6675	2333
M6676	2547
M6677	1312
M6678	1347
M6679	990
M6680	1447
M6681	958
M6682	912
M6683	308
M6684	1521
M6685	1762
M6686	944
M6687	3364
M6688	927
M6689	6099
M6690	1511
M6691	1848
M6692	1117
M6693	1227
M6694	2189
M6695	2038
M6696	2818
M6697	1482
M6698	2097
M6699	6099
M6700	1922
M6701	3014
M6702	1831
M6703	2250
M6704	757
M6705	875
M6706	930
M6707	1948
M6708	1503
M6709	1903
M6710	4253
M6711	3014
M6712	1447
M6713	449
M6714	1536
M6715	1431
M6716	1061
M6717	1760
M6718	1586
M6719	1504
M6720	1432
M6721	2912
M6722	1147
M6723	617
M6724	1158
M6725	1733
M6726	1350
M6727	1831
M6728	2250
M6729	2777
M6730	2958
M6731	1168
M6732	4253
M6733	885
M6734	1160
M6735	1955
M6736	3129
M6737	1990
M6738	888
M6739	2621
M6740	770
M6741	1173
M6742	2226
M6743	1830
M6744	2958
M6745	824
M6746	4560
M6747	1740
M6748	3285
M6749	810
M6750	3129
M6751	1237
M6752	1185
M6753	2001
M6754	1318
M6755	1399
M6756	4560
M6757	890
M6758	667
M6759	1337
M6760	770
M6761	2460
M6762	924
M6763	4560
M6764	2881
M6765	1858
M6766	1542
M6767	2716
M6768	1782
M6769	4212
M6770	1037
M6771	2881
M6772	3123
M6773	1865
M6774	2327
M6775	824
M6776	1458
M6777	2716
M6778	983
M6779	4212
M6780	1075
M6781	1323
M6782	1436
M6783	2699
M6784	2890
M6785	174
M6786	70
M6787	580
M6788	1553
M6789	4212
M6790	1639
M6791	1716
M6792	26
M6793	419
M6794	198
M6795	1008
M6796	624
M6797	831
M6798	1000
M6799	3294
M6800	1762
M6801	1586
M6802	2488
M6803	866
M6804	2186
M6805	1754
M6806	1128
M6807	1744
M6808	2285
M6809	1462
M6810	1553
M6811	868
M6812	1402
M6813	823
M6814	2132
M6815	1561
M6816	617
M6817	1878
M6818	930
M6819	693
M6820	1237
M6821	2093
M6822	415
M6823	948
M6824	141
M6825	1402
M6826	1421
M6827	1653
M6828	973
M6829	2795
M6830	1878
M6831	603
M6832	899
M6833	1341
M6834	2438
M6835	197
M6836	1421
M6837	517
M6838	1301
M6839	1252
M6840	1878
M6841	1308
M6842	899
M6843	509
M6844	2438
M6845	343
M6846	792
M6847	19
M6848	1308
M6849	435
M6850	1110
M6851	1590
M6852	1168
M6853	921
M6854	2438
M6855	568
M6856	2104
M6857	927
M6858	650
M6859	776
M6860	295
M6861	256
M6862	1211
M6863	1025
M6864	2023
M6865	846
M6866	2104
M6867	578
M6868	173
M6869	3090
M6870	1131
M6871	2541
M6872	474
M6873	532
M6874	2023
M6875	5304
M6876	141
M6877	578
M6878	928
M6879	3090
M6880	1000
M6881	426
M6882	417
M6883	252
M6884	1389
M6885	5304
M6886	429
M6887	928
M6888	1347
M6889	1125
M6890	1976
M6891	1191
M6892	548
M6893	865
M6894	5304
M6895	1529
M6896	592
M6897	1150
M6898	1241
M6899	1325
M6900	750
M6901	354
M6902	303
M6903	1529
M6904	3681
M6905	2031
M6906	3922
M6907	865
M6908	2442
M6909	1500
M6910	1948
M6911	278
M6912	1460
M6913	521
M6914	1353
M6915	2442
M6916	1953
M6917	1246
M6918	3036
M6919	6993
M6920	1948
M6921	1195
M6922	1024
M6923	2269
M6924	2073
M6925	1912
M6926	3595
M6927	3662
M6928	816
M6929	876
M6930	1527
M6931	2422
M6932	656
M6933	2269
M6934	3662
M6935	1
M6936	4885
M6937	2897
M6938	1258
M6939	24452
M6940	1527
M6941	981
M6942	1560
M6943	605
M6944	2589
M6945	231
M6946	4885
M6947	993
M6948	1248
M6949	9724
M6950	349
M6951	624
M6952	1560
M6953	584
M6954	4800
M6955	2243
M6956	5467
M6957	872
M6958	611
M6959	1236
M6960	3252
M6961	736
M6962	1560
M6963	636
M6964	9112
M6965	2530
M6966	860
M6967	1021
M6968	631
M6969	1250
M6970	3252
M6971	2515
M6972	2164
M6973	2173
M6974	6389
M6975	631
M6976	1777
M6977	2960
M6978	2724
M6979	1864
M6980	814
M6981	2515
M6982	355
M6983	1594
M6984	4665
M6985	1657
M6986	3631
M6987	6389
M6988	736
M6989	2845
M6990	1759
M6991	1295
M6992	292
M6993	1594
M6994	8472
M6995	1251
M6996	2080
M6997	6389
M6998	982
M6999	1280
M7000	1921
M7001	1295
M7002	1291
M7003	551
M7004	6389
M7005	1132
M7006	1744
M7007	2720
M7008	2506
M7009	7978
M7010	1921
M7011	1937
M7012	954
M7013	3118
M7014	5196
M7015	1103
M7016	2077
M7017	5573
M7018	4156
M7019	2675
M7020	1096
M7021	1348
M7022	823
M7023	3118
M7024	5573
M7025	4156
M7026	1926
M7027	1844
M7028	1348
M7029	2078
M7030	843
M7031	1549
M7032	1279
M7033	2315
M7034	2395
M7035	2798
M7036	672
M7037	9277
M7038	907
M7039	1696
M7040	2878
M7041	1930
M7042	1066
M7043	733
M7044	1134
M7045	1298
M7046	732
M7047	256
M7048	2110
M7049	5573
M7050	2495
M7051	3830
M7052	1844
M7053	6264
M7054	1055
M7055	728
M7056	6517
M7057	2691
M7058	1143
M7059	2074
M7060	2124
M7061	603
M7062	337
M7063	3830
M7064	5228
M7065	3137
M7066	1311
M7067	6264
M7068	2181
M7069	182
M7070	6675
M7071	4818
M7072	1839
M7073	4955
M7074	1109
M7075	1228
M7076	1753
M7077	6264
M7078	1992
M7079	557
M7080	4955
M7081	893
M7082	6601
M7083	663
M7084	1882
M7085	2474
M7086	2286
M7087	933
M7088	1655
M7089	3524
M7090	547
M7091	1471
M7092	1983
M7093	1500
M7094	4465
M7095	1005
M7096	4613
M7097	648
M7098	3685
M7099	1753
M7100	517
M7101	1529
M7102	3836
M7103	1410
M7104	1583
M7105	6601
M7106	960
M7107	3414
M7108	2070
M7109	2277
M7110	6730
M7111	1283
M7112	2263
M7113	642
M7114	3836
M7115	1400
M7116	2614
M7117	1505
M7118	1287
M7119	522
M7120	646
M7121	2392
M7122	2276
M7123	517
M7124	3836
M7125	3339
M7126	522
M7127	1058
M7128	2481
M7129	1725
M7130	2356
M7131	1888
M7132	793
M7133	500
M7134	673
M7135	941
M7136	1301
M7137	1418
M7138	625
M7139	3093
M7140	1601
M7141	1461
M7142	297
M7143	3047
M7144	759
M7145	854
M7146	15135
M7147	2392
M7148	450
M7149	2472
M7150	584
M7151	8432
M7152	2155
M7153	2505
M7154	4705
M7155	3339
M7156	1692
M7157	1299
M7158	1557
M7159	1455
M7160	2472
M7161	673
M7162	3339
M7163	781
M7164	2227
M7165	2499
M7166	1308
M7167	2506
M7168	1557
M7169	612
M7170	2640
M7171	1618
M7172	1259
M7173	2593
M7174	2317
M7175	3393
M7176	2414
M7177	933
M7178	2158
M7179	1919
M7180	2292
M7181	1458
M7182	350
M7183	1817
M7184	1674
M7185	1107
M7186	2641
M7187	1533
M7188	1830
M7189	2659
M7190	419
M7191	1476
M7192	1139
M7193	8065
M7194	62
M7195	455
M7196	2650
M7197	1618
M7198	3148
M7199	5568
M7200	1318
M7201	4152
M7202	380
M7203	910
M7204	1076
M7205	865
M7206	266
M7207	2650
M7208	433
M7209	5206
M7210	243
M7211	2011
M7212	957
M7213	1065
M7214	7571
M7215	865
M7216	3534
M7217	351
M7218	297
M7219	466
M7220	717
M7221	2313
M7222	786
M7223	27
M7224	11
M7225	1969
M7226	3656
M7227	3820
M7228	3842
M7229	1699
M7230	327
M7231	1767
M7232	528
M7233	2555
M7234	2333
M7235	1842
M7236	1774
M7237	1926
M7238	701
M7239	1065
M7240	7571
M7241	3
M7242	3534
M7243	788
M7244	620
M7245	3991
M7246	58
M7247	2014
M7248	1241
M7249	2513
M7250	1670
M7251	7571
M7252	28
M7253	3534
M7254	862
M7255	1651
M7256	2513
M7257	1088
M7258	1205
M7259	2746
M7260	3887
M7261	2192
M7262	31
M7263	3534
M7264	604
M7265	301
M7266	928
M7267	1179
M7268	675
M7269	1000
M7270	2785
M7271	1661
M7272	865
M7273	1010
M7274	2511
M7275	2589
M7276	498
M7277	1062
M7278	1498
M7279	1098
M7280	1594
M7281	2333
M7282	1536
M7283	1128
M7284	614
M7285	1184
M7286	3399
M7287	3358
M7288	478
M7289	244
M7290	1320
M7291	301
M7292	6359
M7293	1439
M7294	2024
M7295	3232
M7296	3709
M7297	1206
M7298	3746
M7299	1378
M7300	3712
M7301	1320
M7302	889
M7303	6231
M7304	613
M7305	1368
M7306	3681
M7307	1114
M7308	3746
M7309	455
M7310	3712
M7311	2036
M7312	1246
M7313	6262
M7314	3045
M7315	2792
M7316	1432
M7317	3240
M7318	1304
M7319	1581
M7320	1472
M7321	3603
M7322	6462
M7323	2802
M7324	933
M7325	1188
M7326	1795
M7327	3467
M7328	1200
M7329	4678
M7330	2248
M7331	3192
M7332	1728
M7333	3712
M7334	953
M7335	2267
M7336	6262
M7337	4111
M7338	2792
M7339	467
M7340	1837
M7341	2681
M7342	3681
M7343	14148
M7344	316
M7345	1878
M7346	754
M7347	2267
M7348	5280
M7349	4111
M7350	3712
M7351	3004
M7352	1407
M7353	7114
M7354	2132
M7355	737
M7356	2191
M7357	2267
M7358	5280
M7359	931
M7360	1545
M7361	935
M7362	2531
M7363	1251
M7364	1203
M7365	940
M7366	1045
M7367	2804
M7368	1970
M7369	2306
M7370	4015
M7371	2132
M7372	4774
M7373	795
M7374	1459
M7375	2963
M7376	1007
M7377	3498
M7378	1392
M7379	481
M7380	2191
M7381	2976
M7382	1942
M7383	5907
M7384	2662
M7385	2254
M7386	5421
M7387	4435
M7388	936
M7389	2717
M7390	1573
M7391	3269
M7392	1403
M7393	2976
M7394	3790
M7395	3699
M7396	1761
M7397	1041
M7398	3756
M7399	8920
M7400	2899
M7401	3269
M7402	2631
M7403	513
M7404	1700
M7405	3314
M7406	662
M7407	1930
M7408	39687
M7409	4255
M7410	6481
M7411	11699
M7412	3384
M7413	3144
M7414	3162
M7415	2814
M7416	3781
M7417	2290
M7418	6960
M7419	2896
M7420	5433
M7421	8181
M7422	5369
M7423	1528
M7424	2631
M7425	1774
M7426	2011
M7427	1811
M7428	47971
M7429	4977
M7430	2064
M7431	4292
M7432	6756
M7433	5220
M7434	5433
M7435	8181
M7436	5369
M7437	1288
M7438	1552
M7439	1778
M7440	10773
M7441	2203
M7442	3714
M7443	1492
M7444	2760
M7445	8181
M7446	5369
M7447	1810
M7448	3011
M7449	727
M7450	3301
M7451	3366
M7452	3005
M7453	1226
M7454	1171
M7455	5242
M7456	4791
M7457	5575
M7458	3152
M7459	3615
M7460	3489
M7461	3393
M7462	3182
M7463	3258
M7464	2944
M7465	2936
M7466	1948
M7467	3025
M7468	5944
M7469	2770
M7470	2368
M7471	5369
M7472	1934
M7473	847
M7474	700
M7475	5944
M7476	2770
M7477	2082
M7478	8467
M7479	6106
M7480	2269
M7481	779
M7482	1934
M7483	1277
M7484	4181
M7485	5967
M7486	2367
M7487	2518
M7488	5453
M7489	2322
M7490	2553
M7491	1060
M7492	4505
M7493	1096
M7494	4181
M7495	2927
M7496	2967
M7497	3052
M7498	3722
M7499	2993
M7500	2477
M7501	2038
M7502	1416
M7503	2535
M7504	4332
M7505	1663
M7506	3392
M7507	1916
M7508	1338
M7509	2038
M7510	2012
M7511	1700
M7512	2266
M7513	2394
M7514	5453
M7515	3324
M7516	2553
M7517	1336
M7518	4505
M7519	643
M7520	1130
M7521	5728
M7522	3096
M7523	859
M7524	3168
M7525	1256
M7526	3324
M7527	2263
M7528	2876
M7529	4505
M7530	1277
M7531	2954
M7532	2587
M7533	632
M7534	2695
M7535	1755
M7536	3327
M7537	790
M7538	2876
M7539	3829
M7540	660
M7541	834
M7542	8127
M7543	3327
M7544	4245
M7545	2418
M7546	3419
M7547	3761
M7548	1794
M7549	1990
M7550	2342
M7551	4192
M7552	1397
M7553	2193
M7554	6243
M7555	2476
M7556	4263
M7557	4195
M7558	1201
M7559	658
M7560	1680
M7561	1902
M7562	7650
M7563	1008
M7564	3829
M7565	1318
M7566	2053
M7567	2718
M7568	1069
M7569	5848
M7570	4202
M7571	1518
M7572	3427
M7573	407
M7574	674
M7575	2620
M7576	1318
M7577	1807
M7578	4993
M7579	1683
M7580	3013
M7581	3624
M7582	3427
M7583	1773
M7584	3929
M7585	2620
M7586	849
M7587	623
M7588	3216
M7589	2438
M7590	3395
M7591	4546
M7592	1687
M7593	1557
M7594	4994
M7595	1588
M7596	3358
M7597	3904
M7598	4795
M7599	3289
M7600	2688
M7601	3084
M7602	1368
M7603	2733
M7604	3334
M7605	1195
M7606	3624
M7607	3427
M7608	2283
M7609	3929
M7610	2842
M7611	1762
M7612	691
M7613	8710
M7614	3105
M7615	2145
M7616	2501
M7617	1618
M7618	4472
M7619	4303
M7620	5136
M7621	2842
M7622	908
M7623	338
M7624	15930
M7625	2567
M7626	2618
M7627	4057
M7628	4472
M7629	4303
M7630	5136
M7631	761
M7632	807
M7633	1740
M7634	2131
M7635	2306
M7636	731
M7637	1889
M7638	2478
M7639	3282
M7640	3651
M7641	5462
M7642	7174
M7643	2002
M7644	2621
M7645	1929
M7646	5977
M7647	2895
M7648	704
M7649	1944
M7650	4057
M7651	2689
M7652	4303
M7653	5136
M7654	1113
M7655	1192
M7656	561
M7657	3882
M7658	1110
M7659	4072
M7660	2146
M7661	3059
M7662	1954
M7663	2689
M7664	1812
M7665	5136
M7666	1568
M7667	3835
M7668	147
M7669	2377
M7670	3207
M7671	2807
M7672	467
M7673	2689
M7674	1600
M7675	321
M7676	1568
M7677	524
M7678	1574
M7679	1248
M7680	4316
M7681	3240
M7682	1701
M7683	2147
M7684	1255
M7685	1565
M7686	3757
M7687	1816
M7688	1039
M7689	3267
M7690	2910
M7691	2105
M7692	2183
M7693	1366
M7694	4171
M7695	1053
M7696	2503
M7697	2656
M7698	2221
M7699	1365
M7700	321
M7701	1179
M7702	739
M7703	915
M7704	2304
M7705	2092
M7706	2691
M7707	2956
M7708	3772
M7709	2991
M7710	7481
M7711	348
M7712	1179
M7713	1754
M7714	824
M7715	2845
M7716	2350
M7717	2691
M7718	1502
M7719	2624
M7720	6396
M7721	1023
M7722	1430
M7723	1754
M7724	151
M7725	1620
M7726	2854
M7727	1529
M7728	521
M7729	3969
M7730	628
M7731	2465
M7732	1811
M7733	2091
M7734	3629
M7735	1307
M7736	797
M7737	1195
M7738	2099
M7739	912
M7740	1341
M7741	772
M7742	1389
M7743	1691
M7744	2745
M7745	1635
M7746	1754
M7747	1179
M7748	2039
M7749	1198
M7750	698
M7751	1160
M7752	2030
M7753	2158
M7754	1389
M7755	663
M7756	2745
M7757	1651
M7758	616
M7759	1380
M7760	1135
M7761	1595
M7762	1782
M7763	2981
M7764	400
M7765	1195
M7766	947
M7767	1651
M7768	528
M7769	918
M7770	2981
M7771	594
M7772	3532
M7773	165
M7774	525
M7775	1224
M7776	1708
M7777	1888
M7778	1020
M7779	592
M7780	1474
M7781	1093
M7782	484
M7783	1062
M7784	1662
M7785	3718
M7786	895
M7787	343
M7788	1827
M7789	1818
M7790	9043
M7791	947
M7792	42
M7793	3594
M7794	1760
M7795	1359
M7796	1252
M7797	3532
M7798	1069
M7799	5782
M7800	2926
M7801	8727
M7802	364
M7803	634
M7804	3594
M7805	816
M7806	10990
M7807	3085
M7808	2160
M7809	96
M7810	2150
M7811	3229
M7812	925
M7813	376
M7814	3594
M7815	787
M7816	774
M7817	743
M7818	2419
M7819	984
M7820	215
M7821	1662
M7822	5897
M7823	1176
M7824	944
M7825	1578
M7826	2127
M7827	1159
M7828	1154
M7829	728
M7830	776
M7831	1271
M7832	461
M7833	334
M7834	2060
M7835	1681
M7836	1086
M7837	5771
M7838	925
M7839	84
M7840	1
M7841	466
M7842	4903
M7843	1308
M7844	431
M7845	1301
M7846	1545
M7847	1086
M7848	5771
M7849	1
M7850	84
M7851	1
M7852	1
M7853	5494
M7854	122
M7855	1340
M7856	1545
M7857	5862
M7858	5771
M7859	1
M7860	84
M7861	1
M7862	4
M7863	480
M7864	5862
M7865	1575
M7866	2
M7867	1804
M7868	1810
M7869	1647
M7870	785
M7871	348
M7872	3390
M7873	602
M7874	2485
M7875	697
M7876	2433
M7877	3008
M7878	930
M7879	2179
M7880	2292
M7881	1846
M7882	2308
M7883	1
M7884	84
M7885	1
M7886	54
M7887	1992
M7888	3832
M7889	3844
M7890	833
M7891	2053
M7892	913
M7893	5862
M7894	513
M7895	629
M7896	1476
M7897	2395
M7898	54
M7899	764
M7900	5862
M7901	2254
M7902	5359
M7903	2501
M7904	578
M7905	983
M7906	1476
M7907	989
M7908	941
M7909	3022
M7910	370
M7911	2305
M7912	1745
M7913	862
M7914	3583
M7915	7459
M7916	1720
M7917	1226
M7918	1651
M7919	2790
M7920	1735
M7921	415
M7922	1819
M7923	1321
M7924	1176
M7925	2346
M7926	2058
M7927	2484
M7928	5862
M7929	1101
M7930	1982
M7931	1990
M7932	1078
M7933	941
M7934	139
M7935	250
M7936	1920
M7937	5875
M7938	3222
M7939	2034
M7940	209
M7941	1990
M7942	1907
M7943	1775
M7944	1316
M7945	3272
M7946	2386
M7947	701
M7948	4934
M7949	7444
M7950	1030
M7951	1299
M7952	3557
M7953	1775
M7954	6597
M7955	754
M7956	2386
M7957	3912
M7958	4838
M7959	4007
M7960	3369
M7961	1107
M7962	1294
M7963	4746
M7964	1495
M7965	2258
M7966	2728
M7967	1958
M7968	889
M7969	3210
M7970	652
M7971	1860
M7972	4786
M7973	2685
M7974	1366
M7975	11431
M7976	1004
M7977	825
M7978	3557
M7979	660
M7980	5524
M7981	1680
M7982	3857
M7983	5169
M7984	6597
M7985	528
M7986	1893
M7987	665
M7988	4451
M7989	3557
M7990	447
M7991	3264
M7992	601
M7993	1309
M7994	6597
M7995	5290
M7996	1893
M7997	898
M7998	4451
M7999	800
M8000	304
M8001	517
M8002	5290
M8003	1453
M8004	2148
M8005	3634
M8006	2190
M8007	1611
M8008	3289
M8009	65
M8010	2904
M8011	2033
M8012	318
M8013	761
M8014	3254
M8015	1339
M8016	580
M8017	1447
M8018	954
M8019	898
M8020	1116
M8021	2623
M8022	1141
M8023	4451
M8024	2960
M8025	2943
M8026	2431
M8027	885
M8028	1580
M8029	2035
M8030	1448
M8031	5290
M8032	733
M8033	1988
M8034	2828
M8035	2960
M8036	820
M8037	714
M8038	4050
M8039	2133
M8040	1632
M8041	2588
M8042	2304
M8043	332
M8044	2828
M8045	1970
M8046	889
M8047	270
M8048	4050
M8049	704
M8050	2615
M8051	1095
M8052	802
M8053	1696
M8054	1195
M8055	950
M8056	3958
M8057	4022
M8058	1263
M8059	2182
M8060	2615
M8061	1188
M8062	3889
M8063	1289
M8064	1312
M8065	3621
M8066	10572
M8067	1427
M8068	144
M8069	1970
M8070	7771
M8071	1481
M8072	4050
M8073	1047
M8074	1463
M8075	713
M8076	1330
M8077	1663
M8078	2092
M8079	624
M8080	1179
M8081	1866
M8082	7771
M8083	396
M8084	2225
M8085	461
M8086	833
M8087	3042
M8088	2488
M8089	707
M8090	476
M8091	1866
M8092	1822
M8093	2651
M8094	1436
M8095	3624
M8096	801
M8097	2170
M8098	6181
M8099	3041
M8100	4064
M8101	3862
M8102	2874
M8103	2930
M8104	2882
M8105	3779
M8106	769
M8107	1583
M8108	2864
M8109	2133
M8110	2175
M8111	4068
M8112	2225
M8113	1510
M8114	1114
M8115	1804
M8116	748
M8117	1822
M8118	4068
M8119	2225
M8120	1020
M8121	1940
M8122	2071
M8123	2286
M8124	1384
M8125	1804
M8126	1208
M8127	1037
M8128	8125
M8129	3179
M8130	3105
M8131	4068
M8132	541
M8133	6485
M8134	2167
M8135	2575
M8136	1374
M8137	1037
M8138	1693
M8139	1595
M8140	624
M8141	1433
M8142	2409
M8143	1351
M8144	2752
M8145	5448
M8146	4330
M8147	2779
M8148	5217
M8149	1653
M8150	2651
M8151	942
M8152	954
M8153	2876
M8154	2865
M8155	1889
M8156	4121
M8157	1764
M8158	6485
M8159	2109
M8160	2575
M8161	548
M8162	1584
M8163	4121
M8164	676
M8165	4972
M8166	4269
M8167	1852
M8168	2240
M8169	917
M8170	2575
M8171	807
M8172	4918
M8173	4121
M8174	4807
M8175	4972
M8176	2885
M8177	2801
M8178	4288
M8179	1004
M8180	1889
M8181	1059
M8182	4918
M8183	1994
M8184	1872
M8185	3430
M8186	2309
M8187	852
M8188	1405
M8189	2490
M8190	7809
M8191	1708
M8192	3640
M8193	1508
M8194	3098
M8195	3628
M8196	1220
M8197	1339
M8198	202
M8199	1885
M8200	1478
M8201	2349
M8202	4807
M8203	744
M8204	652
M8205	1380
M8206	1397
M8207	4918
M8208	1940
M8209	4807
M8210	230
M8211	4128
M8212	3321
M8213	2765
M8214	1312
M8215	1380
M8216	755
M8217	2093
M8218	7538
M8219	3804
M8220	1449
M8221	1940
M8222	4807
M8223	1583
M8224	694
M8225	473
M8226	978
M8227	2093
M8228	787
M8229	320
M8230	2662
M8231	1862
M8232	1352
M8233	2380
M8234	1699
M8235	1887
M8236	1141
M8237	5239
M8238	2148
M8239	728
M8240	852
M8241	2299
M8242	4603
M8243	1622
M8244	1799
M8245	1591
M8246	1557
M8247	779
M8248	473
M8249	1923
M8250	4516
M8251	2355
M8252	707
M8253	2662
M8254	1473
M8255	2110
M8256	649
M8257	1288
M8258	9286
M8259	2016
M8260	2401
M8261	659
M8262	4516
M8263	1550
M8264	3929
M8265	1256
M8266	2130
M8267	3243
M8268	819
M8269	4731
M8270	1181
M8271	3118
M8272	4516
M8273	4157
M8274	3243
M8275	836
M8276	729
M8277	2005
M8278	1723
M8279	1389
M8280	4352
M8281	1756
M8282	2992
M8283	1004
M8284	582
M8285	1141
M8286	659
M8287	1358
M8288	798
M8289	917
M8290	1005
M8291	1578
M8292	1387
M8293	5337
M8294	4731
M8295	701
M8296	4099
M8297	1593
M8298	2039
M8299	2879
M8300	1028
M8301	2497
M8302	4157
M8303	3243
M8304	1632
M8305	1381
M8306	167
M8307	4099
M8308	2108
M8309	5761
M8310	2358
M8311	3237
M8312	1365
M8313	1099
M8314	5278
M8315	1381
M8316	1643
M8317	5640
M8318	448
M8319	5761
M8320	2694
M8321	3237
M8322	2182
M8323	2659
M8324	926
M8325	536
M8326	1401
M8327	1059
M8328	1987
M8329	1757
M8330	1690
M8331	719
M8332	1879
M8333	1557
M8334	1243
M8335	730
M8336	759
M8337	1206
M8338	942
M8339	3482
M8340	2553
M8341	1260
M8342	5640
M8343	996
M8344	2797
M8345	2134
M8346	722
M8347	1545
M8348	1919
M8349	2694
M8350	1980
M8351	2730
M8352	1599
M8353	5640
M8354	1162
M8355	802
M8356	645
M8357	1553
M8358	1452
M8359	743
M8360	2760
M8361	807
M8362	1599
M8363	5869
M8364	480
M8365	2322
M8366	694
M8367	1668
M8368	1589
M8369	870
M8370	3351
M8371	1638
M8372	2933
M8373	1509
M8374	1994
M8375	2264
M8376	572
M8377	804
M8378	1601
M8379	1985
M8380	3189
M8381	747
M8382	1755
M8383	9378
M8384	1715
M8385	1508
M8386	5869
M8387	4310
M8388	2322
M8389	2011
M8390	1668
M8391	1092
M8392	2115
M8393	1200
M8394	1788
M8395	3734
M8396	1390
M8397	1762
M8398	1223
M8399	4310
M8400	4666
M8401	1287
M8402	1074
M8403	2322
M8404	2011
M8405	1322
M8406	1320
M8407	3074
M8408	971
M8409	4310
M8410	720
M8411	3558
M8412	3613
M8413	1575
M8414	465
M8415	2241
M8416	735
M8417	1422
M8418	1789
M8419	2787
M8420	1653
M8421	1162
M8422	276
M8423	1131
M8424	2098
M8425	1113
M8426	1014
M8427	1645
M8428	1449
M8429	2659
M8430	3074
M8431	395
M8432	4791
M8433	1239
M8434	3558
M8435	3613
M8436	2349
M8437	3185
M8438	652
M8439	2217
M8440	2572
M8441	1818
M8442	723
M8443	1821
M8444	4791
M8445	610
M8446	1089
M8447	3613
M8448	1269
M8449	1570
M8450	6240
M8451	2385
M8452	1124
M8453	4282
M8454	4791
M8455	663
M8456	2055
M8457	2440
M8458	1948
M8459	2197
M8460	3511
M8461	6487
M8462	1933
M8463	2089
M8464	4237
M8465	2865
M8466	634
M8467	1788
M8468	1105
M8469	675
M8470	2623
M8471	674
M8472	1462
M8473	1280
M8474	2448
M8475	2629
M8476	6987
M8477	1037
M8478	3568
M8479	1634
M8480	4791
M8481	5594
M8482	2262
M8483	773
M8484	2239
M8485	2448
M8486	2629
M8487	6987
M8488	1263
M8489	3568
M8490	593
M8491	431
M8492	3262
M8493	879
M8494	1266
M8495	652
M8496	2629
M8497	6987
M8498	2363
M8499	3568
M8500	308
M8501	1505
M8502	1502
M8503	464
M8504	1684
M8505	1298
M8506	849
M8507	1273
M8508	3367
M8509	3844
M8510	2304
M8511	1250
M8512	2642
M8513	1846
M8514	833
M8515	532
M8516	1042
M8517	806
M8518	1157
M8519	2366
M8520	652
M8521	1660
M8522	6987
M8523	1150
M8524	3568
M8525	251
M8526	2184
M8527	817
M8528	1660
M8529	1149
M8530	2241
M8531	1679
M8532	1331
M8533	925
M8534	3568
M8535	202
M8536	1122
M8537	989
M8538	1566
M8539	2905
M8540	1394
M8541	1460
M8542	2935
M8543	1559
M8544	1781
M8545	1375
M8546	1122
M8547	3612
M8548	2106
M8549	2649
M8550	1141
M8551	1049
M8552	2314
M8553	1170
M8554	599
M8555	2860
M8556	1096
M8557	2815
M8558	178
M8559	1074
M8560	1062
M8561	1314
M8562	1390
M8563	1008
M8564	489
M8565	2595
M8566	1295
M8567	1125
M8568	1525
M8569	1781
M8570	3685
M8571	925
M8572	3612
M8573	6706
M8574	2649
M8575	1625
M8576	1449
M8577	917
M8578	3325
M8579	1592
M8580	2115
M8581	3685
M8582	2024
M8583	2319
M8584	3361
M8585	5394
M8586	877
M8587	6706
M8588	800
M8589	2379
M8590	1885
M8591	3685
M8592	925
M8593	4840
M8594	1895
M8595	1687
M8596	586
M8597	742
M8598	2408
M8599	1394
M8600	324
M8601	740
M8602	2295
M8603	3153
M8604	579
M8605	1573
M8606	75
M8607	1168
M8608	1877
M8609	915
M8610	309
M8611	2145
M8612	278
M8613	3670
M8614	2379
M8615	1104
M8616	2595
M8617	1772
M8618	4840
M8619	1895
M8620	663
M8621	2111
M8622	3089
M8623	2337
M8624	1907
M8625	1
M8626	2595
M8627	2585
M8628	4840
M8629	1373
M8630	2396
M8631	2346
M8632	1835
M8633	1213
M8634	1106
M8635	845
M8636	4310
M8637	2585
M8638	4840
M8639	3749
M8640	2396
M8641	697
M8642	553
M8643	2245
M8644	785
M8645	1498
M8646	1006
M8647	1154
M8648	1007
M8649	1559
M8650	1099
M8651	1143
M8652	1057
M8653	1241
M8654	1233
M8655	341
M8656	1879
M8657	809
M8658	3631
M8659	814
M8660	2448
M8661	4310
M8662	2256
M8663	886
M8664	3749
M8665	3010
M8666	3099
M8667	3722
M8668	17209
M8669	1004
M8670	1663
M8671	4310
M8672	3071
M8673	886
M8674	893
M8675	759
M8676	2276
M8677	769
M8678	2200
M8679	836
M8680	1929
M8681	5703
M8682	3071
M8683	255
M8684	2244
M8685	1215
M8686	1572
M8687	2185
M8688	1311
M8689	1606
M8690	11587
M8691	2471
M8692	1992
M8693	947
M8694	2866
M8695	1341
M8696	2015
M8697	1246
M8698	1646
M8699	1114
M8700	2355
M8701	1026
M8702	2486
M8703	1828
M8704	312
M8705	2304
M8706	5703
M8707	1515
M8708	395
M8709	2486
M8710	887
M8711	2018
M8712	1786
M8713	5221
M8714	2662
M8715	2304
M8716	1109
M8717	3233
M8718	984
M8719	1337
M8720	943
M8721	2361
M8722	2023
M8723	1856
M8724	1220
M8725	1612
M8726	1112
M8727	3233
M8728	2361
M8729	813
M8730	1232
M8731	1405
M8732	1626
M8733	1321
M8734	334
M8735	1015
M8736	2133
M8737	1575
M8738	1462
M8739	517
M8740	1392
M8741	1009
M8742	3469
M8743	455
M8744	882
M8745	636
M8746	216
M8747	2014
M8748	1227
M8749	2789
M8750	2042
M8751	1612
M8752	1940
M8753	637
M8754	5421
M8755	2512
M8756	303
M8757	1755
M8758	2361
M8759	566
M8760	897
M8761	3485
M8762	2167
M8763	1940
M8764	2213
M8765	1999
M8766	915
M8767	1859
M8768	998
M8769	1050
M8770	1560
M8771	3485
M8772	3577
M8773	787
M8774	2325
M8775	1
M8776	3900
M8777	10191
M8778	1203
M8779	1209
M8780	541
M8781	631
M8782	1536
M8783	3094
M8784	1020
M8785	1228
M8786	843
M8787	1915
M8788	1301
M8789	1311
M8790	705
M8791	1
M8792	1903
M8793	1423
M8794	1021
M8795	1338
M8796	985
M8797	3577
M8798	7170
M8799	1787
M8800	1
M8801	3900
M8802	10191
M8803	1807
M8804	1193
M8805	325
M8806	4370
M8807	772
M8808	2188
M8809	7170
M8810	1885
M8811	1
M8812	3900
M8813	10191
M8814	1389
M8815	1754
M8816	6609
M8817	943
M8818	2205
M8819	7170
M8820	1452
M8821	577
M8822	3900
M8823	10191
M8824	954
M8825	1355
M8826	778
M8827	535
M8828	1683
M8829	1314
M8830	818
M8831	2041
M8832	426
M8833	400
M8834	1039
M8835	1891
M8836	997
M8837	994
M8838	270
M8839	811
M8840	1617
M8841	3870
M8842	646
M8843	1929
M8844	7170
M8845	1598
M8846	1599
M8847	1090
M8848	10191
M8849	926
M8850	1285
M8851	1370
M8852	5494
M8853	1811
M8854	728
M8855	7170
M8856	1359
M8857	768
M8858	1061
M8859	1022
M8860	943
M8861	2397
M8862	3705
M8863	1458
M8864	2097
M8865	7170
M8866	2386
M8867	1746
M8868	2333
M8869	1493
M8870	1782
M8871	1015
M8872	1907
M8873	5143
M8874	1765
M8875	685
M8876	1025
M8877	702
M8878	1148
M8879	1664
M8880	2659
M8881	2215
M8882	700
M8883	1617
M8884	584
M8885	1575
M8886	1706
M8887	5462
M8888	2733
M8889	712
M8890	3796
M8891	2555
M8892	2386
M8893	4706
M8894	2230
M8895	216
M8896	1893
M8897	906
M8898	5462
M8899	2733
M8900	2054
M8901	3796
M8902	1365
M8903	1638
M8904	8212
M8905	484
M8906	3153
M8907	906
M8908	3384
M8909	2733
M8910	1187
M8911	3796
M8912	395
M8913	1073
M8914	1898
M8915	3384
M8916	1079
M8917	1049
M8918	558
M8919	1503
M8920	1571
M8921	851
M8922	1330
M8923	1824
M8924	1091
M8925	608
M8926	587
M8927	1275
M8928	1871
M8929	947
M8930	794
M8931	1050
M8932	879
M8933	832
M8934	1046
M8935	3796
M8936	1261
M8937	4038
M8938	839
M8939	1987
M8940	1197
M8941	641
M8942	3134
M8943	1898
M8944	2122
M8945	1956
M8946	972
M8947	2026
M8948	2916
M8949	4038
M8950	2554
M8951	6365
M8952	5165
M8953	1679
M8954	984
M8955	1094
M8956	706
M8957	2026
M8958	1128
M8959	226
M8960	4329
M8961	6365
M8962	1542
M8963	861
M8964	870
M8965	4337
M8966	1379
M8967	1355
M8968	1414
M8969	355
M8970	3419
M8971	792
M8972	1336
M8973	659
M8974	1614
M8975	2634
M8976	865
M8977	553
M8978	484
M8979	411
M8980	676
M8981	69
M8982	1128
M8983	1369
M8984	4329
M8985	913
M8986	902
M8987	269
M8988	1451
M8989	1090
M8990	435
M8991	1522
M8992	831
M8993	469
M8994	1795
M8995	2937
M8996	1369
M8997	2203
M8998	1214
M8999	1547
M9000	743
M9001	761
M9002	1801
M9003	2525
M9004	1366
M9005	2937
M9006	894
M9007	1040
M9008	1465
M9009	3037
M9010	618
M9011	1230
M9012	1874
M9013	1322
M9014	379
M9015	446
M9016	3753
M9017	1
M9018	823
M9019	954
M9020	470
M9021	1412
M9022	1420
M9023	1226
M9024	2920
M9025	2720
M9026	2525
M9027	1412
M9028	1758
M9029	2886
M9030	2344
M9031	860
M9032	3037
M9033	383
M9034	2802
M9035	578
M9036	1332
M9037	19545
M9038	712
M9039	1488
M9040	1460
M9041	2886
M9042	2135
M9043	1128
M9044	2282
M9045	389
M9046	2211
M9047	1305
M9048	1376
M9049	1202
M9050	2177
M9051	2886
M9052	836
M9053	2211
M9054	1331
M9055	871
M9056	1421
M9057	892
M9058	876
M9059	834
M9060	1491
M9061	1825
M9062	124
M9063	356
M9064	29
M9065	51
M9066	1104
M9067	1019
M9068	380
M9069	594
M9070	1001
M9071	199
M9072	1609
M9073	2842
M9074	1135
M9075	1202
M9076	3076
M9077	1075
M9078	2434
M9079	605
M9080	428
M9081	1351
M9082	2183
M9083	1923
M9084	1752
M9085	2593
M9086	1755
M9087	3076
M9088	2469
M9089	2183
M9090	1923
M9091	1298
M9092	2263
M9093	2952
M9094	315
M9095	994
M9096	1755
M9097	1412
M9098	1242
M9099	2188
M9100	812
M9101	5132
M9102	1624
M9103	3658
M9104	882
M9105	1242
M9106	1899
M9107	1435
M9108	1087
M9109	5518
M9110	621
M9111	5132
M9112	2152
M9113	3658
M9114	485
M9115	2518
M9116	1082
M9117	1179
M9118	1582
M9119	1459
M9120	5151
M9121	617
M9122	1005
M9123	614
M9124	485
M9125	1745
M9126	3658
M9127	898
M9128	1266
M9129	673
M9130	1437
M9131	1690
M9132	1785
M9133	1861
M9134	2148
M9135	1745
M9136	427
M9137	1231
M9138	1620
M9139	2365
M9140	811
M9141	1690
M9142	1377
M9143	1483
M9144	2950
M9145	629
M9146	1393
M9147	1175
M9148	1620
M9149	1050
M9150	1192
M9151	1276
M9152	2365
M9153	495
M9154	945
M9155	1595
M9156	775
M9157	398
M9158	1620
M9159	1532
M9160	705
M9161	387
M9162	2054
M9163	717
M9164	1558
M9165	774
M9166	775
M9167	1168
M9168	1085
M9169	876
M9170	1216
M9171	3779
M9172	3446
M9173	3215
M9174	2369
M9175	988
M9176	358
M9177	1168
M9178	1758
M9179	4894
M9180	738
M9181	3779
M9182	1474
M9183	1545
M9184	5895
M9185	1182
M9186	1560
M9187	317
M9188	1758
M9189	1702
M9190	525
M9191	2452
M9192	4894
M9193	881
M9194	780
M9195	1013
M9196	1803
M9197	1628
M9198	1758
M9199	4894
M9200	1006
M9201	2754
M9202	1050
M9203	357
M9204	1671
M9205	1515
M9206	1803
M9207	1253
M9208	480
M9209	235
M9210	897
M9211	1743
M9212	4773
M9213	1622
M9214	1384
M9215	136
M9216	1253
M9217	1429
M9218	3561
M9219	794
M9220	2871
M9221	660
M9222	718
M9223	668
M9224	563
M9225	1429
